setup,src,dst,rho,abs_rho,edge_stability,dependence_score,graph_method
A,Core0 (Socket 0).10_L2MPI,Core0 (Socket 0).6_L2MISS,0.3958125304644461,0.3958125304644461,1.0,0.3958125304644461,stable_rank_precision
A,Core0 (Socket 0).10_L2MPI,Core0 (Socket 0).9_L3MPI,0.24146801354806818,0.24146801354806818,1.0,0.24146801354806818,stable_rank_precision
A,Core0 (Socket 0).11_C0res%,Core0 (Socket 0).12_C1res%,-0.5912314816300401,0.5912314816300401,1.0,0.5912314816300401,stable_rank_precision
A,Core0 (Socket 0).11_C0res%,Core0 (Socket 0).2_FREQ,0.20070845131861487,0.20070845131861487,1.0,0.20070845131861487,stable_rank_precision
A,Core0 (Socket 0).12_C1res%,Core0 (Socket 0).14_C6res%,-0.1667003376989872,0.1667003376989872,1.0,0.1667003376989872,stable_rank_precision
A,Core0 (Socket 0).12_C1res%,Core0 (Socket 0).18_ACYC,-0.1359304691097956,0.1359304691097956,1.0,0.1359304691097956,stable_rank_precision
A,Core0 (Socket 0).12_C1res%,Core0 (Socket 0).2_FREQ,-0.2316265176919676,0.2316265176919676,1.0,0.2316265176919676,stable_rank_precision
A,Core0 (Socket 0).14_C6res%,Core0 (Socket 0).18_ACYC,-0.12495501792288934,0.12495501792288934,0.875,0.10933564068252817,stable_rank_precision
A,Core0 (Socket 0).14_C6res%,Core1 (Socket 0).14_C6res%,-0.31010974715539097,0.31010974715539097,1.0,0.31010974715539097,stable_rank_precision
A,Core0 (Socket 0).14_C6res%,Core2 (Socket 0).14_C6res%,-0.30659653941814646,0.30659653941814646,1.0,0.30659653941814646,stable_rank_precision
A,Core0 (Socket 0).14_C6res%,Core3 (Socket 0).14_C6res%,-0.3190599521666587,0.3190599521666587,1.0,0.3190599521666587,stable_rank_precision
A,Core0 (Socket 0).14_C6res%,SKT0 Core C-State.3_C6res%,0.21758442944326117,0.21758442944326117,1.0,0.21758442944326117,stable_rank_precision
A,Core0 (Socket 0).14_C6res%,System Core C-States.3_C6res%,0.21758442944326128,0.21758442944326128,1.0,0.21758442944326128,stable_rank_precision
A,Core0 (Socket 0).15_C7res%,Core1 (Socket 0).15_C7res%,-0.2146416377850772,0.2146416377850772,1.0,0.2146416377850772,stable_rank_precision
A,Core0 (Socket 0).15_C7res%,Core2 (Socket 0).15_C7res%,-0.25169055491290515,0.25169055491290515,1.0,0.25169055491290515,stable_rank_precision
A,Core0 (Socket 0).15_C7res%,Core3 (Socket 0).15_C7res%,-0.23649968438878213,0.23649968438878213,1.0,0.23649968438878213,stable_rank_precision
A,Core0 (Socket 0).15_C7res%,SKT0 Core C-State.4_C7res%,0.17566697598605932,0.17566697598605932,1.0,0.17566697598605932,stable_rank_precision
A,Core0 (Socket 0).15_C7res%,System Core C-States.4_C7res%,0.17566697598605935,0.17566697598605935,1.0,0.17566697598605935,stable_rank_precision
A,Core0 (Socket 0).16_TEMP,Core1 (Socket 0).16_TEMP,0.1414222945576317,0.1414222945576317,1.0,0.1414222945576317,stable_rank_precision
A,Core0 (Socket 0).16_TEMP,Core2 (Socket 0).16_TEMP,0.1841994242183258,0.1841994242183258,1.0,0.1841994242183258,stable_rank_precision
A,Core0 (Socket 0).16_TEMP,Core3 (Socket 0).16_TEMP,0.17849509482664033,0.17849509482664033,1.0,0.17849509482664033,stable_rank_precision
A,Core0 (Socket 0).16_TEMP,TEMP_CORE_0,-0.4211852603976578,0.4211852603976578,1.0,0.4211852603976578,stable_rank_precision
A,Core0 (Socket 0).17_INST,Core0 (Socket 0).10_L2MPI,0.15138021946405045,0.15138021946405045,1.0,0.15138021946405045,stable_rank_precision
A,Core0 (Socket 0).17_INST,Core0 (Socket 0).18_ACYC,0.16844775277471746,0.16844775277471746,1.0,0.16844775277471746,stable_rank_precision
A,Core0 (Socket 0).17_INST,Core0 (Socket 0).22_INSTnom,0.13592889210392298,0.13592889210392298,1.0,0.13592889210392298,stable_rank_precision
A,Core0 (Socket 0).17_INST,Core0 (Socket 0).23_INSTnom%,0.13908101300252296,0.13908101300252296,1.0,0.13908101300252296,stable_rank_precision
A,Core0 (Socket 0).17_INST,Core0 (Socket 0).5_L3MISS,0.2028839089582198,0.2028839089582198,1.0,0.2028839089582198,stable_rank_precision
A,Core0 (Socket 0).17_INST,Core0 (Socket 0)_EXEC,0.1359288921039361,0.1359288921039361,1.0,0.1359288921039361,stable_rank_precision
A,Core0 (Socket 0).17_INST,System.15_INST,0.21831035637706195,0.21831035637706195,1.0,0.21831035637706195,stable_rank_precision
A,Core0 (Socket 0).18_ACYC,Core0 (Socket 0).2_FREQ,0.3645047888590333,0.3645047888590333,1.0,0.3645047888590333,stable_rank_precision
A,Core0 (Socket 0).18_ACYC,System.16_ACYC,0.2258752343173158,0.2258752343173158,1.0,0.2258752343173158,stable_rank_precision
A,Core0 (Socket 0).19_TIME(ticks),Core1 (Socket 0).19_TIME(ticks),0.221893744164085,0.221893744164085,1.0,0.221893744164085,stable_rank_precision
A,Core0 (Socket 0).19_TIME(ticks),Core2 (Socket 0).19_TIME(ticks),0.22189374416408583,0.22189374416408583,1.0,0.22189374416408583,stable_rank_precision
A,Core0 (Socket 0).19_TIME(ticks),Core3 (Socket 0).19_TIME(ticks),0.2218937441640834,0.2218937441640834,1.0,0.2218937441640834,stable_rank_precision
A,Core0 (Socket 0).19_TIME(ticks),System.17_TIME(ticks),0.22189374416408417,0.22189374416408417,1.0,0.22189374416408417,stable_rank_precision
A,Core0 (Socket 0).1_IPC,Core0 (Socket 0).20_PhysIPC,0.3577984290771006,0.3577984290771006,1.0,0.3577984290771006,stable_rank_precision
A,Core0 (Socket 0).1_IPC,Core0 (Socket 0).21_PhysIPC%,0.35142123424472893,0.35142123424472893,1.0,0.35142123424472893,stable_rank_precision
A,Core0 (Socket 0).20_PhysIPC,Core0 (Socket 0).21_PhysIPC%,0.35142123424473076,0.35142123424473076,1.0,0.35142123424473076,stable_rank_precision
A,Core0 (Socket 0).22_INSTnom,Core0 (Socket 0).23_INSTnom%,0.30800140041932506,0.30800140041932506,1.0,0.30800140041932506,stable_rank_precision
A,Core0 (Socket 0).22_INSTnom,Core0 (Socket 0)_EXEC,0.31674020088707255,0.31674020088707255,1.0,0.31674020088707255,stable_rank_precision
A,Core0 (Socket 0).23_INSTnom%,Core0 (Socket 0)_EXEC,0.30800140041932006,0.30800140041932006,1.0,0.30800140041932006,stable_rank_precision
A,Core0 (Socket 0).3_AFREQ,Core0 (Socket 0).4_CFREQ,0.19521148044452785,0.19521148044452785,1.0,0.19521148044452785,stable_rank_precision
A,Core0 (Socket 0).5_L3MISS,Core1 (Socket 0).5_L3MISS,0.31147334262801535,0.31147334262801535,1.0,0.31147334262801535,stable_rank_precision
A,Core0 (Socket 0).5_L3MISS,Core2 (Socket 0).5_L3MISS,0.2730061370080329,0.2730061370080329,1.0,0.2730061370080329,stable_rank_precision
A,Core0 (Socket 0).5_L3MISS,Core3 (Socket 0).5_L3MISS,0.2794830579052033,0.2794830579052033,1.0,0.2794830579052033,stable_rank_precision
A,Core0 (Socket 0).6_L2MISS,Core0 (Socket 0).7_L3HIT,0.2005275978470826,0.2005275978470826,1.0,0.2005275978470826,stable_rank_precision
A,Core0 (Socket 0).6_L2MISS,Core0 (Socket 0).8_L2HIT,0.2196773218860179,0.2196773218860179,1.0,0.2196773218860179,stable_rank_precision
A,Core0 (Socket 0).6_L2MISS,Core0 (Socket 0).9_L3MPI,0.21259600273118937,0.21259600273118937,1.0,0.21259600273118937,stable_rank_precision
A,Core0 (Socket 0).7_L3HIT,Core0 (Socket 0).9_L3MPI,-0.3346242540832782,0.3346242540832782,1.0,0.3346242540832782,stable_rank_precision
A,Core0 (Socket 0).7_L3HIT,Socket 0.7_L3HIT,0.15358491096454138,0.15358491096454138,1.0,0.15358491096454138,stable_rank_precision
A,Core0 (Socket 0).7_L3HIT,System.9_L3HIT,0.15358491096454333,0.15358491096454333,1.0,0.15358491096454333,stable_rank_precision
A,Core0 (Socket 0).8_L2HIT,Socket 0.8_L2HIT,0.14165421614328055,0.14165421614328055,1.0,0.14165421614328055,stable_rank_precision
A,Core0 (Socket 0).8_L2HIT,System.10_L2HIT,0.14165421614328344,0.14165421614328344,1.0,0.14165421614328344,stable_rank_precision
A,Core1 (Socket 0).10_L2MPI,Core1 (Socket 0).6_L2MISS,0.2916780092610977,0.2916780092610977,1.0,0.2916780092610977,stable_rank_precision
A,Core1 (Socket 0).10_L2MPI,Core1 (Socket 0).7_L3HIT,0.3502450841080308,0.3502450841080308,1.0,0.3502450841080308,stable_rank_precision
A,Core1 (Socket 0).10_L2MPI,Core1 (Socket 0).9_L3MPI,0.35300274022442046,0.35300274022442046,1.0,0.35300274022442046,stable_rank_precision
A,Core1 (Socket 0).11_C0res%,Core1 (Socket 0).12_C1res%,-0.5766934124917056,0.5766934124917056,1.0,0.5766934124917056,stable_rank_precision
A,Core1 (Socket 0).11_C0res%,Core1 (Socket 0).14_C6res%,-0.12497288234712647,0.12497288234712647,1.0,0.12497288234712647,stable_rank_precision
A,Core1 (Socket 0).11_C0res%,Core1 (Socket 0).2_FREQ,0.31624238234676705,0.31624238234676705,1.0,0.31624238234676705,stable_rank_precision
A,Core1 (Socket 0).11_C0res%,SKT0 Core C-State_C0res%,0.14164506089251544,0.14164506089251544,1.0,0.14164506089251544,stable_rank_precision
A,Core1 (Socket 0).11_C0res%,System Core C-States_C0res%,0.14164506089251563,0.14164506089251563,1.0,0.14164506089251563,stable_rank_precision
A,Core1 (Socket 0).12_C1res%,Core1 (Socket 0).14_C6res%,-0.12329549021433098,0.12329549021433098,0.5,0.06164774510716549,stable_rank_precision
A,Core1 (Socket 0).12_C1res%,Core1 (Socket 0).18_ACYC,-0.14955679625273777,0.14955679625273777,1.0,0.14955679625273777,stable_rank_precision
A,Core1 (Socket 0).12_C1res%,Core1 (Socket 0).2_FREQ,-0.1611289754808249,0.1611289754808249,1.0,0.1611289754808249,stable_rank_precision
A,Core1 (Socket 0).12_C1res%,SKT0 Core C-State.1_C1res%,0.13196575456532247,0.13196575456532247,1.0,0.13196575456532247,stable_rank_precision
A,Core1 (Socket 0).12_C1res%,System Core C-States.1_C1res%,0.13196575456532197,0.13196575456532197,1.0,0.13196575456532197,stable_rank_precision
A,Core1 (Socket 0).14_C6res%,Core1 (Socket 0).15_C7res%,-0.19059537718601977,0.19059537718601977,1.0,0.19059537718601977,stable_rank_precision
A,Core1 (Socket 0).14_C6res%,Core1 (Socket 0).2_FREQ,-0.12418391736346526,0.12418391736346526,0.5,0.06209195868173263,stable_rank_precision
A,Core1 (Socket 0).14_C6res%,Core2 (Socket 0).14_C6res%,-0.28431693254031853,0.28431693254031853,1.0,0.28431693254031853,stable_rank_precision
A,Core1 (Socket 0).14_C6res%,Core3 (Socket 0).14_C6res%,-0.2867042325375512,0.2867042325375512,1.0,0.2867042325375512,stable_rank_precision
A,Core1 (Socket 0).14_C6res%,SKT0 Core C-State.3_C6res%,0.21586589763186656,0.21586589763186656,1.0,0.21586589763186656,stable_rank_precision
A,Core1 (Socket 0).14_C6res%,System Core C-States.3_C6res%,0.21586589763186623,0.21586589763186623,1.0,0.21586589763186623,stable_rank_precision
A,Core1 (Socket 0).15_C7res%,Core2 (Socket 0).15_C7res%,-0.2195254179366229,0.2195254179366229,1.0,0.2195254179366229,stable_rank_precision
A,Core1 (Socket 0).15_C7res%,Core3 (Socket 0).15_C7res%,-0.17733114694269161,0.17733114694269161,1.0,0.17733114694269161,stable_rank_precision
A,Core1 (Socket 0).15_C7res%,SKT0 Core C-State.4_C7res%,0.2040591306924136,0.2040591306924136,1.0,0.2040591306924136,stable_rank_precision
A,Core1 (Socket 0).15_C7res%,System Core C-States.4_C7res%,0.2040591306924128,0.2040591306924128,1.0,0.2040591306924128,stable_rank_precision
A,Core1 (Socket 0).16_TEMP,Core2 (Socket 0).16_TEMP,0.13898545737560467,0.13898545737560467,1.0,0.13898545737560467,stable_rank_precision
A,Core1 (Socket 0).16_TEMP,Core3 (Socket 0).16_TEMP,0.24049107654685303,0.24049107654685303,1.0,0.24049107654685303,stable_rank_precision
A,Core1 (Socket 0).17_INST,Core1 (Socket 0).18_ACYC,0.3069661071285455,0.3069661071285455,1.0,0.3069661071285455,stable_rank_precision
A,Core1 (Socket 0).17_INST,Core1 (Socket 0).22_INSTnom,0.12627616579591752,0.12627616579591752,1.0,0.12627616579591752,stable_rank_precision
A,Core1 (Socket 0).17_INST,Core1 (Socket 0).23_INSTnom%,0.14291862154306056,0.14291862154306056,1.0,0.14291862154306056,stable_rank_precision
A,Core1 (Socket 0).17_INST,Core1 (Socket 0).5_L3MISS,0.2609704856796207,0.2609704856796207,1.0,0.2609704856796207,stable_rank_precision
A,Core1 (Socket 0).17_INST,Core1 (Socket 0)_EXEC,0.12627616579591794,0.12627616579591794,1.0,0.12627616579591794,stable_rank_precision
A,Core1 (Socket 0).17_INST,System.15_INST,0.18950281461319582,0.18950281461319582,1.0,0.18950281461319582,stable_rank_precision
A,Core1 (Socket 0).18_ACYC,Core1 (Socket 0).2_FREQ,0.25681942919280254,0.25681942919280254,1.0,0.25681942919280254,stable_rank_precision
A,Core1 (Socket 0).18_ACYC,System.16_ACYC,0.2440724508030979,0.2440724508030979,1.0,0.2440724508030979,stable_rank_precision
A,Core1 (Socket 0).19_TIME(ticks),Core2 (Socket 0).19_TIME(ticks),0.22189374416408475,0.22189374416408475,1.0,0.22189374416408475,stable_rank_precision
A,Core1 (Socket 0).19_TIME(ticks),Core3 (Socket 0).19_TIME(ticks),0.22189374416408325,0.22189374416408325,1.0,0.22189374416408325,stable_rank_precision
A,Core1 (Socket 0).19_TIME(ticks),System.17_TIME(ticks),0.22189374416408505,0.22189374416408505,1.0,0.22189374416408505,stable_rank_precision
A,Core1 (Socket 0).1_IPC,Core1 (Socket 0).20_PhysIPC,0.34937660157475486,0.34937660157475486,1.0,0.34937660157475486,stable_rank_precision
A,Core1 (Socket 0).1_IPC,Core1 (Socket 0).21_PhysIPC%,0.32741671520518917,0.32741671520518917,1.0,0.32741671520518917,stable_rank_precision
A,Core1 (Socket 0).20_PhysIPC,Core1 (Socket 0).21_PhysIPC%,0.3274167152051897,0.3274167152051897,1.0,0.3274167152051897,stable_rank_precision
A,Core1 (Socket 0).22_INSTnom,Core1 (Socket 0).23_INSTnom%,0.2773702826205823,0.2773702826205823,1.0,0.2773702826205823,stable_rank_precision
A,Core1 (Socket 0).22_INSTnom,Core1 (Socket 0)_EXEC,0.2959611175320563,0.2959611175320563,1.0,0.2959611175320563,stable_rank_precision
A,Core1 (Socket 0).23_INSTnom%,Core1 (Socket 0)_EXEC,0.2773702826205787,0.2773702826205787,1.0,0.2773702826205787,stable_rank_precision
A,Core1 (Socket 0).3_AFREQ,Core1 (Socket 0).4_CFREQ,0.27977412558901926,0.27977412558901926,1.0,0.27977412558901926,stable_rank_precision
A,Core1 (Socket 0).5_L3MISS,Core1 (Socket 0).6_L2MISS,0.12433143582173696,0.12433143582173696,0.875,0.10879000634401984,stable_rank_precision
A,Core1 (Socket 0).5_L3MISS,Core2 (Socket 0).5_L3MISS,0.16636022718303084,0.16636022718303084,1.0,0.16636022718303084,stable_rank_precision
A,Core1 (Socket 0).5_L3MISS,Core3 (Socket 0).5_L3MISS,0.14723202932980947,0.14723202932980947,1.0,0.14723202932980947,stable_rank_precision
A,Core1 (Socket 0).6_L2MISS,Core1 (Socket 0).7_L3HIT,0.1783055785806623,0.1783055785806623,1.0,0.1783055785806623,stable_rank_precision
A,Core1 (Socket 0).6_L2MISS,Core1 (Socket 0).8_L2HIT,0.19480762853302927,0.19480762853302927,1.0,0.19480762853302927,stable_rank_precision
A,Core1 (Socket 0).6_L2MISS,Core1 (Socket 0).9_L3MPI,0.15626781415101634,0.15626781415101634,1.0,0.15626781415101634,stable_rank_precision
A,Core1 (Socket 0).7_L3HIT,Core1 (Socket 0).9_L3MPI,-0.32006146294279847,0.32006146294279847,1.0,0.32006146294279847,stable_rank_precision
A,Core1 (Socket 0).7_L3HIT,Core2 (Socket 0).7_L3HIT,0.15816371740581822,0.15816371740581822,1.0,0.15816371740581822,stable_rank_precision
A,Core1 (Socket 0).8_L2HIT,Socket 0.8_L2HIT,0.13657929812888495,0.13657929812888495,1.0,0.13657929812888495,stable_rank_precision
A,Core1 (Socket 0).8_L2HIT,System.10_L2HIT,0.13657929812888517,0.13657929812888517,1.0,0.13657929812888517,stable_rank_precision
A,Core2 (Socket 0).10_L2MPI,Core2 (Socket 0).6_L2MISS,0.2836988793479451,0.2836988793479451,1.0,0.2836988793479451,stable_rank_precision
A,Core2 (Socket 0).10_L2MPI,Core2 (Socket 0).7_L3HIT,0.3469646329308451,0.3469646329308451,1.0,0.3469646329308451,stable_rank_precision
A,Core2 (Socket 0).10_L2MPI,Core2 (Socket 0).9_L3MPI,0.343473872284676,0.343473872284676,1.0,0.343473872284676,stable_rank_precision
A,Core2 (Socket 0).11_C0res%,Core2 (Socket 0).12_C1res%,-0.5805526892392905,0.5805526892392905,1.0,0.5805526892392905,stable_rank_precision
A,Core2 (Socket 0).11_C0res%,Core2 (Socket 0).14_C6res%,-0.12547999396087298,0.12547999396087298,1.0,0.12547999396087298,stable_rank_precision
A,Core2 (Socket 0).11_C0res%,Core2 (Socket 0).2_FREQ,0.3009715878636213,0.3009715878636213,1.0,0.3009715878636213,stable_rank_precision
A,Core2 (Socket 0).11_C0res%,SKT0 Core C-State_C0res%,0.1363131939122099,0.1363131939122099,1.0,0.1363131939122099,stable_rank_precision
A,Core2 (Socket 0).11_C0res%,System Core C-States_C0res%,0.13631319391220853,0.13631319391220853,1.0,0.13631319391220853,stable_rank_precision
A,Core2 (Socket 0).12_C1res%,Core2 (Socket 0).14_C6res%,-0.13542303326509617,0.13542303326509617,1.0,0.13542303326509617,stable_rank_precision
A,Core2 (Socket 0).12_C1res%,Core2 (Socket 0).18_ACYC,-0.14341114023822374,0.14341114023822374,1.0,0.14341114023822374,stable_rank_precision
A,Core2 (Socket 0).12_C1res%,Core2 (Socket 0).2_FREQ,-0.1823895351026376,0.1823895351026376,1.0,0.1823895351026376,stable_rank_precision
A,Core2 (Socket 0).14_C6res%,Core2 (Socket 0).15_C7res%,-0.1800150890322835,0.1800150890322835,1.0,0.1800150890322835,stable_rank_precision
A,Core2 (Socket 0).14_C6res%,Core2 (Socket 0).2_FREQ,-0.1477727544386516,0.1477727544386516,1.0,0.1477727544386516,stable_rank_precision
A,Core2 (Socket 0).14_C6res%,Core3 (Socket 0).14_C6res%,-0.2905231611537755,0.2905231611537755,1.0,0.2905231611537755,stable_rank_precision
A,Core2 (Socket 0).14_C6res%,SKT0 Core C-State.3_C6res%,0.21671629116879496,0.21671629116879496,1.0,0.21671629116879496,stable_rank_precision
A,Core2 (Socket 0).14_C6res%,System Core C-States.3_C6res%,0.21671629116879457,0.21671629116879457,1.0,0.21671629116879457,stable_rank_precision
A,Core2 (Socket 0).15_C7res%,Core3 (Socket 0).15_C7res%,-0.19783142597782627,0.19783142597782627,1.0,0.19783142597782627,stable_rank_precision
A,Core2 (Socket 0).15_C7res%,SKT0 Core C-State.4_C7res%,0.20500096666438541,0.20500096666438541,1.0,0.20500096666438541,stable_rank_precision
A,Core2 (Socket 0).15_C7res%,System Core C-States.4_C7res%,0.2050009666643849,0.2050009666643849,1.0,0.2050009666643849,stable_rank_precision
A,Core2 (Socket 0).16_TEMP,Core3 (Socket 0).16_TEMP,0.18341777801002174,0.18341777801002174,1.0,0.18341777801002174,stable_rank_precision
A,Core2 (Socket 0).17_INST,Core2 (Socket 0).18_ACYC,0.3178294365928264,0.3178294365928264,1.0,0.3178294365928264,stable_rank_precision
A,Core2 (Socket 0).17_INST,Core2 (Socket 0).22_INSTnom,0.12496873470865658,0.12496873470865658,1.0,0.12496873470865658,stable_rank_precision
A,Core2 (Socket 0).17_INST,Core2 (Socket 0).23_INSTnom%,0.14206299341239212,0.14206299341239212,1.0,0.14206299341239212,stable_rank_precision
A,Core2 (Socket 0).17_INST,Core2 (Socket 0).5_L3MISS,0.2812797898077838,0.2812797898077838,1.0,0.2812797898077838,stable_rank_precision
A,Core2 (Socket 0).17_INST,Core2 (Socket 0)_EXEC,0.12496873470865752,0.12496873470865752,1.0,0.12496873470865752,stable_rank_precision
A,Core2 (Socket 0).17_INST,System.15_INST,0.18475703453460873,0.18475703453460873,1.0,0.18475703453460873,stable_rank_precision
A,Core2 (Socket 0).18_ACYC,Core2 (Socket 0).2_FREQ,0.2694842964202832,0.2694842964202832,1.0,0.2694842964202832,stable_rank_precision
A,Core2 (Socket 0).18_ACYC,System.16_ACYC,0.23938494400630705,0.23938494400630705,1.0,0.23938494400630705,stable_rank_precision
A,Core2 (Socket 0).19_TIME(ticks),Core3 (Socket 0).19_TIME(ticks),0.22189374416408608,0.22189374416408608,1.0,0.22189374416408608,stable_rank_precision
A,Core2 (Socket 0).19_TIME(ticks),System.17_TIME(ticks),0.2218937441640857,0.2218937441640857,1.0,0.2218937441640857,stable_rank_precision
A,Core2 (Socket 0).1_IPC,Core2 (Socket 0).20_PhysIPC,0.3426831720177162,0.3426831720177162,1.0,0.3426831720177162,stable_rank_precision
A,Core2 (Socket 0).1_IPC,Core2 (Socket 0).21_PhysIPC%,0.3212157092354111,0.3212157092354111,1.0,0.3212157092354111,stable_rank_precision
A,Core2 (Socket 0).20_PhysIPC,Core2 (Socket 0).21_PhysIPC%,0.32121570923541265,0.32121570923541265,1.0,0.32121570923541265,stable_rank_precision
A,Core2 (Socket 0).22_INSTnom,Core2 (Socket 0).23_INSTnom%,0.2728492470222361,0.2728492470222361,1.0,0.2728492470222361,stable_rank_precision
A,Core2 (Socket 0).22_INSTnom,Core2 (Socket 0)_EXEC,0.2901216234098206,0.2901216234098206,1.0,0.2901216234098206,stable_rank_precision
A,Core2 (Socket 0).23_INSTnom%,Core2 (Socket 0)_EXEC,0.2728492470222355,0.2728492470222355,1.0,0.2728492470222355,stable_rank_precision
A,Core2 (Socket 0).3_AFREQ,Core2 (Socket 0).4_CFREQ,0.26202487541164066,0.26202487541164066,1.0,0.26202487541164066,stable_rank_precision
A,Core2 (Socket 0).5_L3MISS,Core2 (Socket 0).6_L2MISS,0.13486799329592342,0.13486799329592342,1.0,0.13486799329592342,stable_rank_precision
A,Core2 (Socket 0).5_L3MISS,Core3 (Socket 0).5_L3MISS,0.17423898592622147,0.17423898592622147,1.0,0.17423898592622147,stable_rank_precision
A,Core2 (Socket 0).6_L2MISS,Core2 (Socket 0).7_L3HIT,0.19099089718572432,0.19099089718572432,1.0,0.19099089718572432,stable_rank_precision
A,Core2 (Socket 0).6_L2MISS,Core2 (Socket 0).8_L2HIT,0.19834604748482898,0.19834604748482898,1.0,0.19834604748482898,stable_rank_precision
A,Core2 (Socket 0).6_L2MISS,Core2 (Socket 0).9_L3MPI,0.16199710735594772,0.16199710735594772,1.0,0.16199710735594772,stable_rank_precision
A,Core2 (Socket 0).7_L3HIT,Core2 (Socket 0).9_L3MPI,-0.3190291094044695,0.3190291094044695,1.0,0.3190291094044695,stable_rank_precision
A,Core2 (Socket 0).8_L2HIT,Socket 0.8_L2HIT,0.14083744542284585,0.14083744542284585,1.0,0.14083744542284585,stable_rank_precision
A,Core2 (Socket 0).8_L2HIT,System.10_L2HIT,0.14083744542284704,0.14083744542284704,1.0,0.14083744542284704,stable_rank_precision
A,Core3 (Socket 0).10_L2MPI,Core3 (Socket 0).6_L2MISS,0.2915036310587595,0.2915036310587595,1.0,0.2915036310587595,stable_rank_precision
A,Core3 (Socket 0).10_L2MPI,Core3 (Socket 0).7_L3HIT,0.35920828964794016,0.35920828964794016,1.0,0.35920828964794016,stable_rank_precision
A,Core3 (Socket 0).10_L2MPI,Core3 (Socket 0).9_L3MPI,0.3378411632326664,0.3378411632326664,1.0,0.3378411632326664,stable_rank_precision
A,Core3 (Socket 0).11_C0res%,Core3 (Socket 0).12_C1res%,-0.5790604397433428,0.5790604397433428,1.0,0.5790604397433428,stable_rank_precision
A,Core3 (Socket 0).11_C0res%,Core3 (Socket 0).2_FREQ,0.2723798773153964,0.2723798773153964,1.0,0.2723798773153964,stable_rank_precision
A,Core3 (Socket 0).11_C0res%,SKT0 Core C-State_C0res%,0.12835074480154798,0.12835074480154798,1.0,0.12835074480154798,stable_rank_precision
A,Core3 (Socket 0).11_C0res%,System Core C-States_C0res%,0.12835074480154823,0.12835074480154823,1.0,0.12835074480154823,stable_rank_precision
A,Core3 (Socket 0).12_C1res%,Core3 (Socket 0).14_C6res%,-0.13523495450297446,0.13523495450297446,1.0,0.13523495450297446,stable_rank_precision
A,Core3 (Socket 0).12_C1res%,Core3 (Socket 0).15_C7res%,-0.12497994603147274,0.12497994603147274,0.875,0.10935745277753864,stable_rank_precision
A,Core3 (Socket 0).12_C1res%,Core3 (Socket 0).18_ACYC,-0.13482307412200825,0.13482307412200825,1.0,0.13482307412200825,stable_rank_precision
A,Core3 (Socket 0).12_C1res%,Core3 (Socket 0).2_FREQ,-0.19953587094553518,0.19953587094553518,1.0,0.19953587094553518,stable_rank_precision
A,Core3 (Socket 0).14_C6res%,Core3 (Socket 0).15_C7res%,-0.18899866622592548,0.18899866622592548,1.0,0.18899866622592548,stable_rank_precision
A,Core3 (Socket 0).14_C6res%,Core3 (Socket 0).2_FREQ,-0.1317766533431138,0.1317766533431138,1.0,0.1317766533431138,stable_rank_precision
A,Core3 (Socket 0).14_C6res%,SKT0 Core C-State.3_C6res%,0.20990479024673822,0.20990479024673822,1.0,0.20990479024673822,stable_rank_precision
A,Core3 (Socket 0).14_C6res%,System Core C-States.3_C6res%,0.2099047902467383,0.2099047902467383,1.0,0.2099047902467383,stable_rank_precision
A,Core3 (Socket 0).15_C7res%,SKT0 Core C-State.4_C7res%,0.20523321375037384,0.20523321375037384,1.0,0.20523321375037384,stable_rank_precision
A,Core3 (Socket 0).15_C7res%,System Core C-States.4_C7res%,0.20523321375037423,0.20523321375037423,1.0,0.20523321375037423,stable_rank_precision
A,Core3 (Socket 0).17_INST,Core3 (Socket 0).18_ACYC,0.24233135317616694,0.24233135317616694,1.0,0.24233135317616694,stable_rank_precision
A,Core3 (Socket 0).17_INST,Core3 (Socket 0).22_INSTnom,0.1381783700517081,0.1381783700517081,1.0,0.1381783700517081,stable_rank_precision
A,Core3 (Socket 0).17_INST,Core3 (Socket 0).23_INSTnom%,0.1528015373815132,0.1528015373815132,1.0,0.1528015373815132,stable_rank_precision
A,Core3 (Socket 0).17_INST,Core3 (Socket 0).5_L3MISS,0.23304821624977778,0.23304821624977778,1.0,0.23304821624977778,stable_rank_precision
A,Core3 (Socket 0).17_INST,Core3 (Socket 0)_EXEC,0.13817837005170847,0.13817837005170847,1.0,0.13817837005170847,stable_rank_precision
A,Core3 (Socket 0).17_INST,System.15_INST,0.16641877565288982,0.16641877565288982,1.0,0.16641877565288982,stable_rank_precision
A,Core3 (Socket 0).18_ACYC,Core3 (Socket 0).2_FREQ,0.3078691367019854,0.3078691367019854,1.0,0.3078691367019854,stable_rank_precision
A,Core3 (Socket 0).18_ACYC,Power Plane 0 Energy (Joules)_SKT0,0.1721658299085731,0.1721658299085731,1.0,0.1721658299085731,stable_rank_precision
A,Core3 (Socket 0).18_ACYC,System.16_ACYC,0.2070902136596618,0.2070902136596618,1.0,0.2070902136596618,stable_rank_precision
A,Core3 (Socket 0).19_TIME(ticks),System.17_TIME(ticks),0.221893744164084,0.221893744164084,1.0,0.221893744164084,stable_rank_precision
A,Core3 (Socket 0).1_IPC,Core3 (Socket 0).20_PhysIPC,0.3374351259085704,0.3374351259085704,1.0,0.3374351259085704,stable_rank_precision
A,Core3 (Socket 0).1_IPC,Core3 (Socket 0).21_PhysIPC%,0.32789275723110867,0.32789275723110867,1.0,0.32789275723110867,stable_rank_precision
A,Core3 (Socket 0).20_PhysIPC,Core3 (Socket 0).21_PhysIPC%,0.3278927572311085,0.3278927572311085,1.0,0.3278927572311085,stable_rank_precision
A,Core3 (Socket 0).22_INSTnom,Core3 (Socket 0).23_INSTnom%,0.26039666208383394,0.26039666208383394,1.0,0.26039666208383394,stable_rank_precision
A,Core3 (Socket 0).22_INSTnom,Core3 (Socket 0)_EXEC,0.27503735329699264,0.27503735329699264,1.0,0.27503735329699264,stable_rank_precision
A,Core3 (Socket 0).23_INSTnom%,Core3 (Socket 0)_EXEC,0.26039666208383183,0.26039666208383183,1.0,0.26039666208383183,stable_rank_precision
A,Core3 (Socket 0).3_AFREQ,Core3 (Socket 0).4_CFREQ,0.2584561027992376,0.2584561027992376,1.0,0.2584561027992376,stable_rank_precision
A,Core3 (Socket 0).5_L3MISS,Core3 (Socket 0).6_L2MISS,0.13445405698687268,0.13445405698687268,1.0,0.13445405698687268,stable_rank_precision
A,Core3 (Socket 0).6_L2MISS,Core3 (Socket 0).7_L3HIT,0.16914270427788042,0.16914270427788042,1.0,0.16914270427788042,stable_rank_precision
A,Core3 (Socket 0).6_L2MISS,Core3 (Socket 0).8_L2HIT,0.24210966030052078,0.24210966030052078,1.0,0.24210966030052078,stable_rank_precision
A,Core3 (Socket 0).6_L2MISS,Core3 (Socket 0).9_L3MPI,0.15714677665402998,0.15714677665402998,1.0,0.15714677665402998,stable_rank_precision
A,Core3 (Socket 0).7_L3HIT,Core3 (Socket 0).9_L3MPI,-0.33790764537948637,0.33790764537948637,1.0,0.33790764537948637,stable_rank_precision
A,Core3 (Socket 0).7_L3HIT,Socket 0.7_L3HIT,0.12516501549975245,0.12516501549975245,1.0,0.12516501549975245,stable_rank_precision
A,Core3 (Socket 0).7_L3HIT,System.9_L3HIT,0.1251650154997558,0.1251650154997558,1.0,0.1251650154997558,stable_rank_precision
A,Core3 (Socket 0).8_L2HIT,Socket 0.8_L2HIT,0.1460882802835331,0.1460882802835331,1.0,0.1460882802835331,stable_rank_precision
A,Core3 (Socket 0).8_L2HIT,System.10_L2HIT,0.1460882802835326,0.1460882802835326,1.0,0.1460882802835326,stable_rank_precision
A,Proc Energy (Joules)_SKT0,System.22_Proc Energy (Joules),0.9005871759924571,0.9005871759924571,1.0,0.9005871759924571,stable_rank_precision
A,SKT0 Core C-State.1_C1res%,System Core C-States.1_C1res%,0.6215288893609445,0.6215288893609445,1.0,0.6215288893609445,stable_rank_precision
A,SKT0 Core C-State.3_C6res%,System Core C-States.3_C6res%,0.6919621102895557,0.6919621102895557,1.0,0.6919621102895557,stable_rank_precision
A,SKT0 Core C-State.4_C7res%,System Core C-States.4_C7res%,0.7269154967532256,0.7269154967532256,1.0,0.7269154967532256,stable_rank_precision
A,SKT0 Core C-State_C0res%,System Core C-States_C0res%,0.5797071356194303,0.5797071356194303,1.0,0.5797071356194303,stable_rank_precision
A,Socket 0.10_L2MPI,System.12_L2MPI,0.5384180954242795,0.5384180954242795,1.0,0.5384180954242795,stable_rank_precision
A,Socket 0.11_READ,System.13_READ,0.7437074747073825,0.7437074747073825,1.0,0.7437074747073825,stable_rank_precision
A,Socket 0.12_WRITE,System.14_WRITE,0.8834124457287357,0.8834124457287357,1.0,0.8834124457287357,stable_rank_precision
A,Socket 0.1_IPC,System.18_PhysIPC,0.23043690898767083,0.23043690898767083,1.0,0.23043690898767083,stable_rank_precision
A,Socket 0.1_IPC,System.19_PhysIPC%,0.2009336134052151,0.2009336134052151,1.0,0.2009336134052151,stable_rank_precision
A,Socket 0.1_IPC,System.3_IPC,0.23043690898767055,0.23043690898767055,1.0,0.23043690898767055,stable_rank_precision
A,Socket 0.2_FREQ,System.4_FREQ,0.44330159740183134,0.44330159740183134,1.0,0.44330159740183134,stable_rank_precision
A,Socket 0.4_CFREQ,System.6_CFREQ,0.9514644440403082,0.9514644440403082,1.0,0.9514644440403082,stable_rank_precision
A,Socket 0.5_L3MISS,System.7_L3MISS,0.8074113694923032,0.8074113694923032,1.0,0.8074113694923032,stable_rank_precision
A,Socket 0.6_L2MISS,System.8_L2MISS,0.5989352282017402,0.5989352282017402,1.0,0.5989352282017402,stable_rank_precision
A,Socket 0.7_L3HIT,System.9_L3HIT,0.7278470285188987,0.7278470285188987,1.0,0.7278470285188987,stable_rank_precision
A,Socket 0.8_L2HIT,System.10_L2HIT,0.7418268778474615,0.7418268778474615,1.0,0.7418268778474615,stable_rank_precision
A,Socket 0.9_L3MPI,System.11_L3MPI,0.7005671542718045,0.7005671542718045,1.0,0.7005671542718045,stable_rank_precision
A,Socket 0_EXEC,System.20_INSTnom,0.20814979887303053,0.20814979887303053,1.0,0.20814979887303053,stable_rank_precision
A,Socket 0_EXEC,System.21_INSTnom%,0.20273890768608616,0.20273890768608616,1.0,0.20273890768608616,stable_rank_precision
A,Socket 0_EXEC,System.2_EXEC,0.20814979887303056,0.20814979887303056,1.0,0.20814979887303056,stable_rank_precision
A,System.18_PhysIPC,System.19_PhysIPC%,0.20093361340521615,0.20093361340521615,1.0,0.20093361340521615,stable_rank_precision
A,System.18_PhysIPC,System.3_IPC,0.23043690898767077,0.23043690898767077,1.0,0.23043690898767077,stable_rank_precision
A,System.19_PhysIPC%,System.3_IPC,0.20093361340521457,0.20093361340521457,1.0,0.20093361340521457,stable_rank_precision
A,System.20_INSTnom,System.21_INSTnom%,0.2027389076860869,0.2027389076860869,1.0,0.2027389076860869,stable_rank_precision
A,System.20_INSTnom,System.2_EXEC,0.20814979887303228,0.20814979887303228,1.0,0.20814979887303228,stable_rank_precision
A,System.21_INSTnom%,System.2_EXEC,0.20273890768608724,0.20273890768608724,1.0,0.20273890768608724,stable_rank_precision
B,Core0 (Socket 0).10_L2MPI,Core0 (Socket 0).6_L2MISS,0.13663515679664484,0.13663515679664484,1.0,0.13663515679664484,stable_rank_precision
B,Core0 (Socket 0).10_L2MPI,Core0 (Socket 0).9_L3MPI,0.1787563344200399,0.1787563344200399,1.0,0.1787563344200399,stable_rank_precision
B,Core0 (Socket 0).11_C0res%,Core0 (Socket 0).12_C1res%,-0.6267233933545905,0.6267233933545905,1.0,0.6267233933545905,stable_rank_precision
B,Core0 (Socket 0).11_C0res%,Core0 (Socket 0).2_FREQ,0.2666172638735335,0.2666172638735335,1.0,0.2666172638735335,stable_rank_precision
B,Core0 (Socket 0).12_C1res%,Core0 (Socket 0).2_FREQ,-0.23173914633281478,0.23173914633281478,1.0,0.23173914633281478,stable_rank_precision
B,Core0 (Socket 0).14_C6res%,Core1 (Socket 0).14_C6res%,0.9319174181522965,0.9319174181522965,1.0,0.9319174181522965,stable_rank_precision
B,Core0 (Socket 0).15_C7res%,Core1 (Socket 0).15_C7res%,0.94899103223356,0.94899103223356,1.0,0.94899103223356,stable_rank_precision
B,Core0 (Socket 0).16_TEMP,Core1 (Socket 0).16_TEMP,0.6927887201914835,0.6927887201914835,1.0,0.6927887201914835,stable_rank_precision
B,Core0 (Socket 0).16_TEMP,TEMP_CORE_0,-0.17901064727582683,0.17901064727582683,1.0,0.17901064727582683,stable_rank_precision
B,Core0 (Socket 0).17_INST,Core0 (Socket 0).10_L2MPI,0.12747932304384266,0.12747932304384266,1.0,0.12747932304384266,stable_rank_precision
B,Core0 (Socket 0).17_INST,Core0 (Socket 0).18_ACYC,0.20074014164094553,0.20074014164094553,1.0,0.20074014164094553,stable_rank_precision
B,Core0 (Socket 0).17_INST,Core1 (Socket 0).17_INST,0.15669783745345103,0.15669783745345103,1.0,0.15669783745345103,stable_rank_precision
B,Core0 (Socket 0).17_INST,Core2 (Socket 0).17_INST,0.14863559683218855,0.14863559683218855,1.0,0.14863559683218855,stable_rank_precision
B,Core0 (Socket 0).17_INST,System.15_INST,0.18200148956763182,0.18200148956763182,1.0,0.18200148956763182,stable_rank_precision
B,Core0 (Socket 0).18_ACYC,Core0 (Socket 0).2_FREQ,0.15118349874272807,0.15118349874272807,1.0,0.15118349874272807,stable_rank_precision
B,Core0 (Socket 0).18_ACYC,Core0 (Socket 0).5_L3MISS,0.12333904270418282,0.12333904270418282,1.0,0.12333904270418282,stable_rank_precision
B,Core0 (Socket 0).18_ACYC,Core1 (Socket 0).18_ACYC,0.16978361818134088,0.16978361818134088,1.0,0.16978361818134088,stable_rank_precision
B,Core0 (Socket 0).18_ACYC,Core2 (Socket 0).18_ACYC,0.132102795920284,0.132102795920284,1.0,0.132102795920284,stable_rank_precision
B,Core0 (Socket 0).18_ACYC,Core3 (Socket 0).18_ACYC,0.12990080371850835,0.12990080371850835,1.0,0.12990080371850835,stable_rank_precision
B,Core0 (Socket 0).18_ACYC,System.16_ACYC,0.12702063110465425,0.12702063110465425,1.0,0.12702063110465425,stable_rank_precision
B,Core0 (Socket 0).19_TIME(ticks),Core1 (Socket 0).19_TIME(ticks),0.23423859469733674,0.23423859469733674,1.0,0.23423859469733674,stable_rank_precision
B,Core0 (Socket 0).19_TIME(ticks),Core2 (Socket 0).19_TIME(ticks),0.23423859469734126,0.23423859469734126,1.0,0.23423859469734126,stable_rank_precision
B,Core0 (Socket 0).19_TIME(ticks),Core3 (Socket 0).19_TIME(ticks),0.23423859469734204,0.23423859469734204,1.0,0.23423859469734204,stable_rank_precision
B,Core0 (Socket 0).19_TIME(ticks),System.17_TIME(ticks),0.23423859469734432,0.23423859469734432,1.0,0.23423859469734432,stable_rank_precision
B,Core0 (Socket 0).1_IPC,Core0 (Socket 0).20_PhysIPC,0.36253987266961085,0.36253987266961085,1.0,0.36253987266961085,stable_rank_precision
B,Core0 (Socket 0).1_IPC,Core0 (Socket 0).21_PhysIPC%,0.3605380505902944,0.3605380505902944,1.0,0.3605380505902944,stable_rank_precision
B,Core0 (Socket 0).20_PhysIPC,Core0 (Socket 0).21_PhysIPC%,0.36853349885562803,0.36853349885562803,1.0,0.36853349885562803,stable_rank_precision
B,Core0 (Socket 0).22_INSTnom,Core0 (Socket 0).23_INSTnom%,0.3358692258248806,0.3358692258248806,1.0,0.3358692258248806,stable_rank_precision
B,Core0 (Socket 0).22_INSTnom,Core0 (Socket 0)_EXEC,0.3219149328847106,0.3219149328847106,1.0,0.3219149328847106,stable_rank_precision
B,Core0 (Socket 0).23_INSTnom%,Core0 (Socket 0)_EXEC,0.33281429783257893,0.33281429783257893,1.0,0.33281429783257893,stable_rank_precision
B,Core0 (Socket 0).3_AFREQ,Core0 (Socket 0).4_CFREQ,0.5804480460510897,0.5804480460510897,1.0,0.5804480460510897,stable_rank_precision
B,Core0 (Socket 0).3_AFREQ,Core1 (Socket 0).3_AFREQ,0.36942346699130524,0.36942346699130524,1.0,0.36942346699130524,stable_rank_precision
B,Core0 (Socket 0).4_CFREQ,Core1 (Socket 0).4_CFREQ,0.1387151233019886,0.1387151233019886,1.0,0.1387151233019886,stable_rank_precision
B,Core0 (Socket 0).5_L3MISS,Core0 (Socket 0).6_L2MISS,0.1610481287278292,0.1610481287278292,1.0,0.1610481287278292,stable_rank_precision
B,Core0 (Socket 0).5_L3MISS,Core0 (Socket 0).8_L2HIT,0.19883764088616135,0.19883764088616135,1.0,0.19883764088616135,stable_rank_precision
B,Core0 (Socket 0).5_L3MISS,Core0 (Socket 0).9_L3MPI,0.24661833108180434,0.24661833108180434,1.0,0.24661833108180434,stable_rank_precision
B,Core0 (Socket 0).5_L3MISS,Core2 (Socket 0).5_L3MISS,0.14757334697731653,0.14757334697731653,1.0,0.14757334697731653,stable_rank_precision
B,Core0 (Socket 0).5_L3MISS,Core3 (Socket 0).5_L3MISS,0.14296873674278537,0.14296873674278537,1.0,0.14296873674278537,stable_rank_precision
B,Core0 (Socket 0).6_L2MISS,Core1 (Socket 0).6_L2MISS,0.19614770297546671,0.19614770297546671,1.0,0.19614770297546671,stable_rank_precision
B,Core0 (Socket 0).6_L2MISS,Core2 (Socket 0).6_L2MISS,0.35877770237863493,0.35877770237863493,1.0,0.35877770237863493,stable_rank_precision
B,Core0 (Socket 0).6_L2MISS,Core3 (Socket 0).6_L2MISS,0.1563076939500579,0.1563076939500579,1.0,0.1563076939500579,stable_rank_precision
B,Core0 (Socket 0).7_L3HIT,Core0 (Socket 0).9_L3MPI,-0.4514995665284089,0.4514995665284089,1.0,0.4514995665284089,stable_rank_precision
B,Core0 (Socket 0).8_L2HIT,Core1 (Socket 0).10_L2MPI,0.1545180154300672,0.1545180154300672,1.0,0.1545180154300672,stable_rank_precision
B,Core0 (Socket 0).8_L2HIT,Core1 (Socket 0).8_L2HIT,0.19989987948963703,0.19989987948963703,1.0,0.19989987948963703,stable_rank_precision
B,Core0 (Socket 0).8_L2HIT,Core2 (Socket 0).8_L2HIT,0.17296200456367344,0.17296200456367344,1.0,0.17296200456367344,stable_rank_precision
B,Core1 (Socket 0).10_L2MPI,Core1 (Socket 0).8_L2HIT,-0.31592842858431586,0.31592842858431586,1.0,0.31592842858431586,stable_rank_precision
B,Core1 (Socket 0).10_L2MPI,Core1 (Socket 0).9_L3MPI,0.2964484927188008,0.2964484927188008,1.0,0.2964484927188008,stable_rank_precision
B,Core1 (Socket 0).10_L2MPI,Core3 (Socket 0).10_L2MPI,0.1565894809332031,0.1565894809332031,1.0,0.1565894809332031,stable_rank_precision
B,Core1 (Socket 0).11_C0res%,Core1 (Socket 0).12_C1res%,-0.6386977402960005,0.6386977402960005,1.0,0.6386977402960005,stable_rank_precision
B,Core1 (Socket 0).11_C0res%,Core1 (Socket 0).2_FREQ,0.15472927026900346,0.15472927026900346,1.0,0.15472927026900346,stable_rank_precision
B,Core1 (Socket 0).12_C1res%,Core1 (Socket 0).2_FREQ,-0.1495056342542594,0.1495056342542594,1.0,0.1495056342542594,stable_rank_precision
B,Core1 (Socket 0).16_TEMP,TEMP_CORE_0,-0.17787695318925736,0.17787695318925736,1.0,0.17787695318925736,stable_rank_precision
B,Core1 (Socket 0).17_INST,Core1 (Socket 0).18_ACYC,0.27191295739734933,0.27191295739734933,1.0,0.27191295739734933,stable_rank_precision
B,Core1 (Socket 0).17_INST,Core2 (Socket 0).17_INST,0.14416573826880846,0.14416573826880846,1.0,0.14416573826880846,stable_rank_precision
B,Core1 (Socket 0).17_INST,Core3 (Socket 0).17_INST,0.20649108616480336,0.20649108616480336,1.0,0.20649108616480336,stable_rank_precision
B,Core1 (Socket 0).17_INST,System.15_INST,0.16934263454267248,0.16934263454267248,1.0,0.16934263454267248,stable_rank_precision
B,Core1 (Socket 0).18_ACYC,Core1 (Socket 0).2_FREQ,0.19393682206107998,0.19393682206107998,1.0,0.19393682206107998,stable_rank_precision
B,Core1 (Socket 0).18_ACYC,Core1 (Socket 0).5_L3MISS,0.19583398232325,0.19583398232325,1.0,0.19583398232325,stable_rank_precision
B,Core1 (Socket 0).18_ACYC,Core3 (Socket 0).18_ACYC,0.14852031014223624,0.14852031014223624,1.0,0.14852031014223624,stable_rank_precision
B,Core1 (Socket 0).19_TIME(ticks),Core2 (Socket 0).19_TIME(ticks),0.23423859469734046,0.23423859469734046,1.0,0.23423859469734046,stable_rank_precision
B,Core1 (Socket 0).19_TIME(ticks),Core3 (Socket 0).19_TIME(ticks),0.23423859469734115,0.23423859469734115,1.0,0.23423859469734115,stable_rank_precision
B,Core1 (Socket 0).19_TIME(ticks),System.17_TIME(ticks),0.2342385946973412,0.2342385946973412,1.0,0.2342385946973412,stable_rank_precision
B,Core1 (Socket 0).1_IPC,Core1 (Socket 0).20_PhysIPC,0.37047283204922693,0.37047283204922693,1.0,0.37047283204922693,stable_rank_precision
B,Core1 (Socket 0).1_IPC,Core1 (Socket 0).21_PhysIPC%,0.37364528555591436,0.37364528555591436,1.0,0.37364528555591436,stable_rank_precision
B,Core1 (Socket 0).20_PhysIPC,Core1 (Socket 0).21_PhysIPC%,0.38317947477126735,0.38317947477126735,1.0,0.38317947477126735,stable_rank_precision
B,Core1 (Socket 0).22_INSTnom,Core1 (Socket 0).23_INSTnom%,0.3124862001926402,0.3124862001926402,1.0,0.3124862001926402,stable_rank_precision
B,Core1 (Socket 0).22_INSTnom,Core1 (Socket 0)_EXEC,0.30148651208881677,0.30148651208881677,1.0,0.30148651208881677,stable_rank_precision
B,Core1 (Socket 0).23_INSTnom%,Core1 (Socket 0)_EXEC,0.3111655802258329,0.3111655802258329,1.0,0.3111655802258329,stable_rank_precision
B,Core1 (Socket 0).2_FREQ,Core3 (Socket 0).2_FREQ,0.1252422271751923,0.1252422271751923,0.625,0.07827639198449518,stable_rank_precision
B,Core1 (Socket 0).3_AFREQ,Core1 (Socket 0).4_CFREQ,0.46795048071296064,0.46795048071296064,1.0,0.46795048071296064,stable_rank_precision
B,Core1 (Socket 0).5_L3MISS,Core1 (Socket 0).9_L3MPI,0.21516988321155062,0.21516988321155062,1.0,0.21516988321155062,stable_rank_precision
B,Core1 (Socket 0).5_L3MISS,Core3 (Socket 0).5_L3MISS,0.1914999794365643,0.1914999794365643,1.0,0.1914999794365643,stable_rank_precision
B,Core1 (Socket 0).6_L2MISS,Core2 (Socket 0).6_L2MISS,0.2155513718287099,0.2155513718287099,1.0,0.2155513718287099,stable_rank_precision
B,Core1 (Socket 0).6_L2MISS,Core3 (Socket 0).6_L2MISS,0.2650604315979759,0.2650604315979759,1.0,0.2650604315979759,stable_rank_precision
B,Core1 (Socket 0).7_L3HIT,Core1 (Socket 0).9_L3MPI,-0.3285946051406717,0.3285946051406717,1.0,0.3285946051406717,stable_rank_precision
B,Core1 (Socket 0).9_L3MPI,Core3 (Socket 0).9_L3MPI,0.15957806872743116,0.15957806872743116,1.0,0.15957806872743116,stable_rank_precision
B,Core2 (Socket 0).10_L2MPI,Core2 (Socket 0).9_L3MPI,0.31789326243814636,0.31789326243814636,1.0,0.31789326243814636,stable_rank_precision
B,Core2 (Socket 0).10_L2MPI,Core3 (Socket 0).10_L2MPI,0.20848029746329402,0.20848029746329402,1.0,0.20848029746329402,stable_rank_precision
B,Core2 (Socket 0).11_C0res%,Core2 (Socket 0).12_C1res%,-0.6723330675045549,0.6723330675045549,1.0,0.6723330675045549,stable_rank_precision
B,Core2 (Socket 0).11_C0res%,Core2 (Socket 0).2_FREQ,0.16928069109527383,0.16928069109527383,1.0,0.16928069109527383,stable_rank_precision
B,Core2 (Socket 0).12_C1res%,Core2 (Socket 0).2_FREQ,-0.12926629327260156,0.12926629327260156,1.0,0.12926629327260156,stable_rank_precision
B,Core2 (Socket 0).14_C6res%,Core3 (Socket 0).14_C6res%,0.8880496250476049,0.8880496250476049,1.0,0.8880496250476049,stable_rank_precision
B,Core2 (Socket 0).15_C7res%,Core3 (Socket 0).15_C7res%,0.8781081635653957,0.8781081635653957,1.0,0.8781081635653957,stable_rank_precision
B,Core2 (Socket 0).16_TEMP,Core3 (Socket 0).16_TEMP,0.763424157567427,0.763424157567427,1.0,0.763424157567427,stable_rank_precision
B,Core2 (Socket 0).17_INST,Core2 (Socket 0).18_ACYC,0.2865251922959895,0.2865251922959895,1.0,0.2865251922959895,stable_rank_precision
B,Core2 (Socket 0).17_INST,System.15_INST,0.20580209418335305,0.20580209418335305,1.0,0.20580209418335305,stable_rank_precision
B,Core2 (Socket 0).18_ACYC,Core2 (Socket 0).2_FREQ,0.22058684427114322,0.22058684427114322,1.0,0.22058684427114322,stable_rank_precision
B,Core2 (Socket 0).18_ACYC,Core2 (Socket 0).5_L3MISS,0.1512145367767432,0.1512145367767432,1.0,0.1512145367767432,stable_rank_precision
B,Core2 (Socket 0).19_TIME(ticks),Core3 (Socket 0).19_TIME(ticks),0.23423859469734173,0.23423859469734173,1.0,0.23423859469734173,stable_rank_precision
B,Core2 (Socket 0).19_TIME(ticks),System.17_TIME(ticks),0.23423859469734012,0.23423859469734012,1.0,0.23423859469734012,stable_rank_precision
B,Core2 (Socket 0).1_IPC,Core2 (Socket 0).20_PhysIPC,0.34173041345977095,0.34173041345977095,1.0,0.34173041345977095,stable_rank_precision
B,Core2 (Socket 0).1_IPC,Core2 (Socket 0).21_PhysIPC%,0.33497453440374275,0.33497453440374275,1.0,0.33497453440374275,stable_rank_precision
B,Core2 (Socket 0).20_PhysIPC,Core2 (Socket 0).21_PhysIPC%,0.34407358727802806,0.34407358727802806,1.0,0.34407358727802806,stable_rank_precision
B,Core2 (Socket 0).22_INSTnom,Core2 (Socket 0).23_INSTnom%,0.3245429219738684,0.3245429219738684,1.0,0.3245429219738684,stable_rank_precision
B,Core2 (Socket 0).22_INSTnom,Core2 (Socket 0)_EXEC,0.3270522895547755,0.3270522895547755,1.0,0.3270522895547755,stable_rank_precision
B,Core2 (Socket 0).23_INSTnom%,Core2 (Socket 0)_EXEC,0.3233615064661256,0.3233615064661256,1.0,0.3233615064661256,stable_rank_precision
B,Core2 (Socket 0).3_AFREQ,Core2 (Socket 0).4_CFREQ,0.6380541011749261,0.6380541011749261,1.0,0.6380541011749261,stable_rank_precision
B,Core2 (Socket 0).3_AFREQ,Core3 (Socket 0).3_AFREQ,0.3488727465832764,0.3488727465832764,1.0,0.3488727465832764,stable_rank_precision
B,Core2 (Socket 0).4_CFREQ,Core3 (Socket 0).3_AFREQ,0.13995481293572523,0.13995481293572523,1.0,0.13995481293572523,stable_rank_precision
B,Core2 (Socket 0).4_CFREQ,Core3 (Socket 0).4_CFREQ,0.13667489481883563,0.13667489481883563,1.0,0.13667489481883563,stable_rank_precision
B,Core2 (Socket 0).5_L3MISS,Core2 (Socket 0).6_L2MISS,0.16820304609193923,0.16820304609193923,1.0,0.16820304609193923,stable_rank_precision
B,Core2 (Socket 0).5_L3MISS,Core2 (Socket 0).8_L2HIT,0.15311021963721244,0.15311021963721244,1.0,0.15311021963721244,stable_rank_precision
B,Core2 (Socket 0).5_L3MISS,Core2 (Socket 0).9_L3MPI,0.21678768706069926,0.21678768706069926,1.0,0.21678768706069926,stable_rank_precision
B,Core2 (Socket 0).6_L2MISS,Core3 (Socket 0).6_L2MISS,0.1278381843189962,0.1278381843189962,1.0,0.1278381843189962,stable_rank_precision
B,Core2 (Socket 0).7_L3HIT,Core2 (Socket 0).9_L3MPI,-0.3804336047177678,0.3804336047177678,1.0,0.3804336047177678,stable_rank_precision
B,Core2 (Socket 0).7_L3HIT,Core3 (Socket 0).7_L3HIT,0.14229479728477634,0.14229479728477634,1.0,0.14229479728477634,stable_rank_precision
B,Core2 (Socket 0).8_L2HIT,Core3 (Socket 0).8_L2HIT,0.3703855757550086,0.3703855757550086,1.0,0.3703855757550086,stable_rank_precision
B,Core2 (Socket 0).9_L3MPI,Core3 (Socket 0).9_L3MPI,0.1360825279841713,0.1360825279841713,1.0,0.1360825279841713,stable_rank_precision
B,Core3 (Socket 0).10_L2MPI,Core3 (Socket 0).8_L2HIT,-0.21260094570997548,0.21260094570997548,1.0,0.21260094570997548,stable_rank_precision
B,Core3 (Socket 0).10_L2MPI,Core3 (Socket 0).9_L3MPI,0.29475150518354243,0.29475150518354243,1.0,0.29475150518354243,stable_rank_precision
B,Core3 (Socket 0).11_C0res%,Core3 (Socket 0).12_C1res%,-0.6468632215559841,0.6468632215559841,1.0,0.6468632215559841,stable_rank_precision
B,Core3 (Socket 0).11_C0res%,Core3 (Socket 0).2_FREQ,0.15310177176016795,0.15310177176016795,1.0,0.15310177176016795,stable_rank_precision
B,Core3 (Socket 0).12_C1res%,Core3 (Socket 0).2_FREQ,-0.16123194263750149,0.16123194263750149,1.0,0.16123194263750149,stable_rank_precision
B,Core3 (Socket 0).17_INST,Core3 (Socket 0).18_ACYC,0.28044563347994556,0.28044563347994556,1.0,0.28044563347994556,stable_rank_precision
B,Core3 (Socket 0).17_INST,Core3 (Socket 0).23_INSTnom%,0.1505437332650097,0.1505437332650097,1.0,0.1505437332650097,stable_rank_precision
B,Core3 (Socket 0).17_INST,System.15_INST,0.1366466752827589,0.1366466752827589,1.0,0.1366466752827589,stable_rank_precision
B,Core3 (Socket 0).18_ACYC,Core3 (Socket 0).2_FREQ,0.16226603031558615,0.16226603031558615,1.0,0.16226603031558615,stable_rank_precision
B,Core3 (Socket 0).18_ACYC,Core3 (Socket 0).5_L3MISS,0.1687192301256512,0.1687192301256512,1.0,0.1687192301256512,stable_rank_precision
B,Core3 (Socket 0).19_TIME(ticks),System.17_TIME(ticks),0.23423859469734162,0.23423859469734162,1.0,0.23423859469734162,stable_rank_precision
B,Core3 (Socket 0).1_IPC,Core3 (Socket 0).20_PhysIPC,0.36667245930696063,0.36667245930696063,1.0,0.36667245930696063,stable_rank_precision
B,Core3 (Socket 0).1_IPC,Core3 (Socket 0).21_PhysIPC%,0.3549528784202951,0.3549528784202951,1.0,0.3549528784202951,stable_rank_precision
B,Core3 (Socket 0).20_PhysIPC,Core3 (Socket 0).21_PhysIPC%,0.36915348714091945,0.36915348714091945,1.0,0.36915348714091945,stable_rank_precision
B,Core3 (Socket 0).22_INSTnom,Core3 (Socket 0).23_INSTnom%,0.2880378925475184,0.2880378925475184,1.0,0.2880378925475184,stable_rank_precision
B,Core3 (Socket 0).22_INSTnom,Core3 (Socket 0)_EXEC,0.2665758831996141,0.2665758831996141,1.0,0.2665758831996141,stable_rank_precision
B,Core3 (Socket 0).23_INSTnom%,Core3 (Socket 0)_EXEC,0.2732783170383716,0.2732783170383716,1.0,0.2732783170383716,stable_rank_precision
B,Core3 (Socket 0).3_AFREQ,Core3 (Socket 0).4_CFREQ,0.45070488552603627,0.45070488552603627,1.0,0.45070488552603627,stable_rank_precision
B,Core3 (Socket 0).5_L3MISS,Core3 (Socket 0).9_L3MPI,0.1948116552966378,0.1948116552966378,1.0,0.1948116552966378,stable_rank_precision
B,Core3 (Socket 0).7_L3HIT,Core3 (Socket 0).9_L3MPI,-0.3797397703592895,0.3797397703592895,1.0,0.3797397703592895,stable_rank_precision
B,Power Plane 0 Energy (Joules)_SKT0,Proc Energy (Joules)_SKT0,0.4318062180329768,0.4318062180329768,1.0,0.4318062180329768,stable_rank_precision
B,Power Plane 0 Energy (Joules)_SKT0,System.22_Proc Energy (Joules),0.43180621803297997,0.43180621803297997,1.0,0.43180621803297997,stable_rank_precision
B,Proc Energy (Joules)_SKT0,System.22_Proc Energy (Joules),0.542957925693973,0.542957925693973,1.0,0.542957925693973,stable_rank_precision
B,SKT0 Core C-State.1_C1res%,SKT0 Core C-State_C0res%,-0.18131442806884043,0.18131442806884043,1.0,0.18131442806884043,stable_rank_precision
B,SKT0 Core C-State.1_C1res%,System Core C-States.1_C1res%,0.4881069019478397,0.4881069019478397,1.0,0.4881069019478397,stable_rank_precision
B,SKT0 Core C-State.1_C1res%,System Core C-States_C0res%,-0.18131442806884002,0.18131442806884002,1.0,0.18131442806884002,stable_rank_precision
B,SKT0 Core C-State.3_C6res%,System Core C-States.3_C6res%,0.8432752430018474,0.8432752430018474,1.0,0.8432752430018474,stable_rank_precision
B,SKT0 Core C-State.4_C7res%,System Core C-States.4_C7res%,0.8588099207202833,0.8588099207202833,1.0,0.8588099207202833,stable_rank_precision
B,SKT0 Core C-State_C0res%,System Core C-States.1_C1res%,-0.18131442806884085,0.18131442806884085,1.0,0.18131442806884085,stable_rank_precision
B,SKT0 Core C-State_C0res%,System Core C-States_C0res%,0.385136662112482,0.385136662112482,1.0,0.385136662112482,stable_rank_precision
B,Socket 0.10_L2MPI,System.12_L2MPI,0.6096332074709622,0.6096332074709622,1.0,0.6096332074709622,stable_rank_precision
B,Socket 0.11_READ,System.13_READ,0.6623250271856604,0.6623250271856604,1.0,0.6623250271856604,stable_rank_precision
B,Socket 0.12_WRITE,System.14_WRITE,0.8556862330027086,0.8556862330027086,1.0,0.8556862330027086,stable_rank_precision
B,Socket 0.1_IPC,System.18_PhysIPC,0.2665989096008827,0.2665989096008827,1.0,0.2665989096008827,stable_rank_precision
B,Socket 0.1_IPC,System.19_PhysIPC%,0.26575266361092553,0.26575266361092553,1.0,0.26575266361092553,stable_rank_precision
B,Socket 0.1_IPC,System.3_IPC,0.27242519869311554,0.27242519869311554,1.0,0.27242519869311554,stable_rank_precision
B,Socket 0.2_FREQ,System.4_FREQ,0.4898058574459593,0.4898058574459593,1.0,0.4898058574459593,stable_rank_precision
B,Socket 0.4_CFREQ,System.6_CFREQ,0.9292910686926191,0.9292910686926191,1.0,0.9292910686926191,stable_rank_precision
B,Socket 0.5_L3MISS,System.7_L3MISS,0.617025577868382,0.617025577868382,1.0,0.617025577868382,stable_rank_precision
B,Socket 0.6_L2MISS,System.8_L2MISS,0.6744027428928777,0.6744027428928777,1.0,0.6744027428928777,stable_rank_precision
B,Socket 0.7_L3HIT,System.9_L3HIT,0.7826507673058403,0.7826507673058403,1.0,0.7826507673058403,stable_rank_precision
B,Socket 0.8_L2HIT,System.10_L2HIT,0.8445582778719725,0.8445582778719725,1.0,0.8445582778719725,stable_rank_precision
B,Socket 0.9_L3MPI,System.11_L3MPI,0.5764785208816303,0.5764785208816303,1.0,0.5764785208816303,stable_rank_precision
B,Socket 0_EXEC,System.20_INSTnom,0.25254576046804544,0.25254576046804544,1.0,0.25254576046804544,stable_rank_precision
B,Socket 0_EXEC,System.21_INSTnom%,0.2500208790406705,0.2500208790406705,1.0,0.2500208790406705,stable_rank_precision
B,Socket 0_EXEC,System.2_EXEC,0.26060369896612834,0.26060369896612834,1.0,0.26060369896612834,stable_rank_precision
B,System Core C-States.1_C1res%,System Core C-States_C0res%,-0.18131442806884024,0.18131442806884024,1.0,0.18131442806884024,stable_rank_precision
B,System.15_INST,System.16_ACYC,0.2235179696687582,0.2235179696687582,1.0,0.2235179696687582,stable_rank_precision
B,System.18_PhysIPC,System.19_PhysIPC%,0.27100740608832463,0.27100740608832463,1.0,0.27100740608832463,stable_rank_precision
B,System.18_PhysIPC,System.3_IPC,0.26659890960088245,0.26659890960088245,1.0,0.26659890960088245,stable_rank_precision
B,System.19_PhysIPC%,System.3_IPC,0.2657526636109244,0.2657526636109244,1.0,0.2657526636109244,stable_rank_precision
B,System.20_INSTnom,System.21_INSTnom%,0.2593440174202827,0.2593440174202827,1.0,0.2593440174202827,stable_rank_precision
B,System.20_INSTnom,System.2_EXEC,0.25254576046804866,0.25254576046804866,1.0,0.25254576046804866,stable_rank_precision
B,System.21_INSTnom%,System.2_EXEC,0.2500208790406686,0.2500208790406686,1.0,0.2500208790406686,stable_rank_precision
