setup,event,feature_budget,block_length,best_mcc,best_balanced_accuracy,best_f1,min_fpr,selected_configuration
A,DROOP,15,50,0.7867119732774034,0.8873059571154459,0.8765099186104393,0.00922899613135115,0
A,DROOP,15,100,0.8135504576188866,0.902691010099935,0.8952821853859874,0.00923255393195049,0
A,DROOP,15,200,0.8351939721553793,0.9146292029356545,0.9092119245779847,0.010774022870797062,0
A,DROOP,15,500,0.8850750363247398,0.9403011672458345,0.9378773894750846,0.011494252873563218,0
A,DROOP,15,1000,0.9924202817553173,0.9961240310077519,0.99625468164794,0.007751937984496124,1
A,DROOP,30,50,0.3276416984132962,0.61327296394263,0.3942810770856797,0.00922899613135115,0
A,DROOP,30,100,0.38165412768079726,0.6434513610256738,0.467742909088208,0.008466278562382265,0
A,DROOP,30,200,0.40438618426907075,0.6561628833134209,0.49083111505471755,0.009216589861751152,0
A,DROOP,30,500,0.5413018119818969,0.7362559030562238,0.632435465768799,0.007662835249042145,0
A,DROOP,30,1000,0.6212229808923154,0.7849718111346018,0.7405052537446903,0.015151515151515152,0
A,DROOP,50,50,0.255748528750667,0.5775017247763118,0.2982243611018918,0.00961612739104608,0
A,DROOP,50,100,0.31564567246495795,0.6073007240592728,0.3798424371286368,0.009230780146372786,0
A,DROOP,50,200,0.3096498947608352,0.606136570518291,0.37754991971754875,0.01075268817204301,0
A,DROOP,50,500,0.5157446853133684,0.7208856811904125,0.5983670932564906,0.011494252873563218,0
A,DROOP,50,1000,0.5968270090130225,0.7693798449612403,0.7070267088223762,0.015151515151515152,0
A,RH,5,50,-0.019566285416376596,0.49826923076923074,0.012847460263826063,0.01,0
A,RH,5,100,0.02179747105250927,0.5023076923076923,0.03134591128670976,0.01,0
A,RH,5,150,0.0801540070045226,0.5122365021079831,0.06884501089790958,0.009322725418196653,0
A,RH,5,200,0.08905559777400138,0.513076923076923,0.07283967193919609,0.009230769230769232,0
A,RH,5,250,0.06453526521975803,0.5096153846153846,0.05810122976905043,0.009615384615384616,0
A,RH,5,300,0.07715221139580306,0.5104924760601915,0.062328757384937164,0.009302325581395349,0
A,RH,5,350,0.09958235932799522,0.5151065449010654,0.07814851814851816,0.00821917808219178,0
A,RH,5,400,0.10429527847692217,0.5153846153846154,0.08126437596453248,0.009230769230769232,0
A,RH,5,450,0.09784346516251763,0.5174833635813673,0.08359715305533588,0.010405323653962493,0
A,RH,5,500,0.11694380043513133,0.5192307692307693,0.09416546416546416,0.011538461538461539,0
A,RH,5,550,0.11340227632885713,0.519195189639223,0.09618247298919567,0.01285846438482886,0
A,RH,5,600,0.11787814370799081,0.5192218350754936,0.09033189033189033,0.009523809523809523,0
A,RH,5,650,0.09032299927260133,0.5153846153846154,0.08552521405612727,0.010256410256410256,0
A,RH,5,700,0.09672560590329599,0.5194444444444445,0.10232118758434547,0.01096096096096096,0
A,RH,5,750,0.08884008524402655,0.5177361853832443,0.08365079365079366,0.011764705882352941,0
A,RH,5,800,0.12817594787513628,0.5222782258064516,0.10610516934046346,0.012701612903225806,0
A,RH,5,850,0.08180289058605184,0.5279556650246306,0.11666666666666665,0.014039408866995073,0
A,RH,5,900,0.1230018020012114,0.5349753694581281,0.14437788018433179,0.013793103448275862,0
A,RH,5,950,0.14036042202358168,0.5307692307692309,0.14383838383838382,0.015384615384615385,0
A,RH,5,1000,0.1802371135320217,0.5423076923076924,0.17362433862433863,0.015384615384615385,0
A,RH,8,50,-0.03486670893262894,0.49653846153846154,0.006829992048079335,0.009615384615384616,0
A,RH,8,100,-0.017450555111216855,0.4976923076923077,0.013529647923914267,0.01,0
A,RH,8,150,0.026069623525157893,0.5011729906160751,0.020509434167271263,0.008146334829321365,0
A,RH,8,200,0.024927395320024,0.5023076923076923,0.02697926053286655,0.009230769230769232,0
A,RH,8,250,0.03171580798461845,0.5019230769230769,0.02990719515142015,0.009615384615384616,0
A,RH,8,300,0.03324318294645696,0.5046648426812586,0.03595846101464079,0.0093296853625171,0
A,RH,8,350,0.0230305893927261,0.5040905631659056,0.04136396936396937,0.00821917808219178,0
A,RH,8,400,0.0557389311747136,0.5076923076923077,0.04749780509218613,0.009230769230769232,0
A,RH,8,450,0.115178138514945,0.5190865093768905,0.08913957390138728,0.010526315789473684,0
A,RH,8,500,0.20267905297766262,0.5461538461538462,0.18623669077714639,0.011538461538461539,0
A,RH,8,550,0.3125182362293384,0.6004162812210916,0.35282141648686294,0.00851063829787234,0
A,RH,8,600,0.3354268242500658,0.6079558652729384,0.3597380011293055,0.009523809523809523,0
A,RH,8,650,0.35691495627958447,0.6205128205128205,0.39793197278911563,0.010256410256410256,0
A,RH,8,700,0.36671917475766735,0.6317567567567568,0.4351747365612912,0.010810810810810811,0
A,RH,8,750,0.3890557139461116,0.6390374331550802,0.44353777400783834,0.011764705882352941,0
A,RH,8,800,0.4091967737006235,0.6505040322580645,0.47134584428551046,0.012701612903225806,0
A,RH,8,850,0.4087349878369032,0.6498768472906404,0.4699904800761594,0.014039408866995073,0
A,RH,8,900,0.3903607488346377,0.6431034482758621,0.45966108966108965,0.013793103448275862,0
A,RH,8,950,0.3795437998606667,0.6423076923076924,0.45467030234432615,0.015384615384615385,0
A,RH,8,1000,0.38260037711801587,0.6423076923076924,0.4539400266140504,0.015384615384615385,0
A,RH,10,50,0.7318876348258913,0.8517307692307693,0.8279476742714357,0.009615384615384616,0
A,RH,10,100,0.7963876145603808,0.8903846153846153,0.878363334355188,0.01,0
A,RH,10,150,0.8300534515282261,0.9096627226982184,0.9018251775207586,0.010499116007071943,0
A,RH,10,200,0.8235220711745137,0.9061538461538461,0.8977166624225447,0.009230769230769232,0
A,RH,10,250,0.8074757573073988,0.8951923076923076,0.8819346150211341,0.009615384615384616,0
A,RH,10,300,0.7898251055755947,0.8858686730506156,0.8714449703358614,0.011627906976744186,0
A,RH,10,350,0.7708360490767903,0.8749429223744292,0.8579879158474929,0.010996955859969558,0
A,RH,10,400,0.7630316275031831,0.8692307692307694,0.8480188748510077,0.012307692307692308,0
A,RH,10,450,0.7455734258796783,0.8581972171808833,0.8339078235508787,0.010465819721718088,0
A,RH,10,500,0.7407703354937006,0.8557692307692308,0.8307969804478681,0.011538461538461539,0
A,RH,10,550,0.8026821839201169,0.8932469935245143,0.8803096067503388,0.01276595744680851,0
A,RH,10,600,0.819890621822392,0.9038908246225319,0.894749005159964,0.009523809523809523,0
A,RH,10,650,0.8308892714438907,0.9102564102564102,0.902584330786449,0.010256410256410256,0
A,RH,10,700,0.8650153772887543,0.9282282282282281,0.9225627825627825,0.016516516516516516,0
A,RH,10,750,0.907819270324271,0.952584670231729,0.950559158917368,0.011764705882352941,0
A,RH,10,800,0.9075677322668974,0.9518145161290323,0.9498412936341966,0.012701612903225806,0
A,RH,10,850,0.9048589804707932,0.9508620689655173,0.9494267863753876,0.014285714285714285,0
A,RH,10,900,0.904774290696246,0.9511083743842365,0.9496913366399378,0.013793103448275862,0
A,RH,10,950,0.9025489163243353,0.95,0.9486781789638933,0.015384615384615385,0
A,RH,10,1000,0.9101102183882347,0.9538461538461538,0.9522980884661557,0.015384615384615385,0
A,RH,15,50,0.8493258622644421,0.9205769230769232,0.914637371494541,0.009615384615384616,0
A,RH,15,100,0.8722663624531848,0.9334615384615385,0.9295602753340407,0.01,0
A,RH,15,150,0.8738422094713485,0.9341493268053854,0.9302596335040241,0.010492316061471506,0
A,RH,15,200,0.8714954063937824,0.9330769230769231,0.9290574185896127,0.01076923076923077,0
A,RH,15,250,0.8750196682573683,0.9346153846153846,0.9305020916326422,0.009615384615384616,0
A,RH,15,300,0.883568385088368,0.9393844049247606,0.935909662914797,0.011627906976744186,0
A,RH,15,350,0.8886730003491679,0.9422374429223744,0.9393384741465096,0.011035007610350075,0
A,RH,15,400,0.8856514386359751,0.9400000000000001,0.9361041987673344,0.009230769230769232,0
A,RH,15,450,0.8676411992891655,0.9299153055051421,0.9243887967610032,0.010526315789473684,0
A,RH,15,500,0.8422353116811211,0.9153846153846154,0.9082048244777499,0.011538461538461539,0
A,RH,15,550,0.9130388544086641,0.9551803885291397,0.953376645010828,0.00851063829787234,0
A,RH,15,600,0.9113486660378038,0.9544134727061555,0.9527467375568641,0.009639953542392566,0
A,RH,15,650,0.9095624355215935,0.9538461538461538,0.9522048364153628,0.010256410256410256,0
A,RH,15,700,0.8983971123318394,0.9475975975975975,0.9463479727336992,0.01111111111111111,0
A,RH,15,750,0.9134744397919489,0.9555258467023172,0.9537251471579828,0.011764705882352941,0
A,RH,15,800,0.9140003136099093,0.9549395161290324,0.9531105244034274,0.012701612903225806,0
A,RH,15,850,0.911227702285154,0.9544334975369457,0.9530763491538069,0.014039408866995073,0
A,RH,15,900,0.904774290696246,0.9511083743842365,0.9498095614950047,0.013793103448275862,0
A,RH,15,950,0.9101102183882347,0.9538461538461538,0.9523076923076923,0.015384615384615385,0
A,RH,15,1000,0.9101102183882347,0.9538461538461538,0.9523041216486595,0.015384615384615385,0
A,RH,20,50,0.9382309223033178,0.9686538461538461,0.9679260917748038,0.009615384615384616,0
A,RH,20,100,0.9489261961175126,0.9742307692307692,0.9738374608084687,0.01,0
A,RH,20,150,0.9550040618063248,0.9772643818849449,0.9769611852335067,0.010492316061471506,0
A,RH,20,200,0.954173212044207,0.976923076923077,0.9766289754409592,0.009230769230769232,0
A,RH,20,250,0.9561257785067732,0.9778846153846154,0.9775413359377803,0.009615384615384616,0
A,RH,20,300,0.9675797525053402,0.9836798905608756,0.9835693885877484,0.011627906976744186,0
A,RH,20,350,0.9782251772729076,0.9890030441400304,0.9891332712022367,0.010958904109589041,0
A,RH,20,400,0.9756048705031954,0.9876923076923078,0.9878775623733438,0.012307692307692308,0
A,RH,20,450,0.9897095392023696,0.994767090139141,0.9948710390567428,0.010465819721718088,0
A,RH,20,500,0.9887759614897078,0.9942307692307691,0.994392523364486,0.011538461538461539,0
A,RH,20,550,0.991662969499982,0.9957446808510639,0.9958333333333332,0.00851063829787234,1
A,RH,20,600,0.9906925178491186,0.9952380952380953,0.9953488372093023,0.009523809523809523,0
A,RH,20,650,0.9899935814063457,0.9948717948717949,0.9949999999999999,0.010256410256410256,0
A,RH,20,700,0.9893157569787995,0.9944444444444445,0.9947368421052631,0.010810810810810811,0
A,RH,20,750,0.9884033249820898,0.9941176470588236,0.9942028985507246,0.011764705882352941,0
A,RH,20,800,0.9874937918785932,0.9936491935483872,0.9937484737484737,0.012701612903225806,0
A,RH,20,850,0.9864042482852842,0.9929802955665025,0.9933333333333334,0.014039408866995073,0
A,RH,20,900,0.9864042482852842,0.993103448275862,0.9933333333333334,0.013793103448275862,0
A,RH,20,950,0.9851640199545102,0.9923076923076923,0.9925925925925926,0.015384615384615385,0
A,RH,20,1000,0.9849001794597505,0.9923076923076923,0.9924528301886791,0.015384615384615385,0
A,RH,30,50,0.9900504044561613,0.9949999999999999,0.9950260991291142,0.009230769230769232,0
A,RH,30,100,0.9908247339270144,0.9953846153846154,0.9954125438509223,0.009230769230769232,0
A,RH,30,150,0.9895812306576721,0.9947504419964641,0.9947959639457598,0.010492316061471506,0
A,RH,30,200,0.9893294327964209,0.9946153846153847,0.9946651960642034,0.01076923076923077,0
A,RH,30,250,0.9886911045195145,0.9942307692307691,0.9943482265202057,0.009615384615384616,0
A,RH,30,300,0.9907374529637527,0.9953351573187416,0.9953757225433526,0.0093296853625171,0
A,RH,30,350,0.9864248983379881,0.993093607305936,0.9932332997999014,0.010996955859969558,0
A,RH,30,400,0.9879191276933785,0.9938461538461538,0.9939620042472594,0.012307692307692308,0
A,RH,30,450,0.9896792888406456,0.9947368421052631,0.9948710390567428,0.010465819721718088,0
A,RH,30,500,0.9847605090750766,0.9923076923076923,0.9923439667128988,0.011538461538461539,0
A,RH,30,550,0.9874519715744942,0.9936170212765958,0.9937280701754385,0.00851063829787234,0
A,RH,30,600,0.9906925178491186,0.9952380952380953,0.9953488372093023,0.009523809523809523,0
A,RH,30,650,0.9898717737923585,0.9948717948717949,0.9949367088607595,0.010256410256410256,0
A,RH,30,700,0.983910351573394,0.9917417417417418,0.9919971160778658,0.010810810810810811,0
A,RH,30,750,0.9884033249820898,0.9941176470588236,0.9942028985507246,0.011764705882352941,0
A,RH,30,800,0.987392959188964,0.9935483870967742,0.9937484737484737,0.012701612903225806,0
A,RH,30,850,0.9863218048917212,0.993103448275862,0.9932203389830508,0.013793103448275862,0
A,RH,30,900,0.9863134479198958,0.9929802955665025,0.9932203389830508,0.014039408866995073,0
A,RH,30,950,0.9849001794597505,0.9923076923076923,0.9924528301886791,0.015384615384615385,0
A,RH,30,1000,0.9851640199545102,0.9923076923076923,0.9925925925925926,0.015384615384615385,0
B,DROOP,15,50,0.9885057697180782,0.9942320993968389,0.9942568082294279,0.00922722029988466,0
B,DROOP,15,100,0.9869874759500131,0.9934591656822157,0.993491316237279,0.01076865224224235,0
B,DROOP,15,200,0.9908145351968721,0.9953917050691244,0.9954162945268584,0.007680491551459293,1
B,DROOP,15,500,0.9885913258113005,0.9942305978793549,0.9943073593073594,0.011538804241290208,0
B,DROOP,15,1000,0.9774370722586196,0.9885482734319945,0.9886789240721825,0.007751937984496124,0
B,DROOP,30,50,0.9885057697180782,0.9942320993968389,0.9942568082294279,0.0096125757281131,0
B,DROOP,30,100,0.9862393295346443,0.9930742542118539,0.9931209185731675,0.009230780146372786,0
B,DROOP,30,200,0.9893023904006463,0.9946236559139785,0.9946639670136143,0.009216589861751152,0
B,DROOP,30,500,0.9885913258113005,0.9942305978793549,0.9943073593073594,0.007662835249042145,0
B,DROOP,30,1000,0.9777664060911869,0.9886363636363636,0.9887640449438203,0.007751937984496124,0
B,DROOP,50,50,0.988506409003608,0.9942320993968389,0.9942572425758466,0.009228552173484528,0
B,DROOP,50,100,0.9869961594151261,0.9934582787894269,0.9934992487304498,0.009230780146372786,0
B,DROOP,50,200,0.9877633803454507,0.9938556067588326,0.9938872668928694,0.009223701428002504,0
B,DROOP,50,500,0.9885913258113005,0.9942305978793549,0.9943073593073594,0.011538804241290208,0
B,DROOP,50,1000,0.9777664060911869,0.9886363636363636,0.9887640449438203,0.007751937984496124,0
B,SPECTRE,5,50,0.6263099279769706,0.7859615384615385,0.731272462949515,0.009230769230769232,0
B,SPECTRE,5,100,0.6360464472102061,0.7923076923076924,0.7412682324727985,0.01,0
B,SPECTRE,5,150,0.6903791269899652,0.8257649938800491,0.7904827689255314,0.009322725418196653,0
B,SPECTRE,5,200,0.6698712958888232,0.8138461538461538,0.7744078397233845,0.009230769230769232,0
B,SPECTRE,5,250,0.7142331177317913,0.8423076923076923,0.8158710058864568,0.011538461538461539,0
B,SPECTRE,5,300,0.7647139923012961,0.8717510259917921,0.8546517359264788,0.011627906976744186,0
B,SPECTRE,5,350,0.8150156025999568,0.9011225266362253,0.8913194133867524,0.010958904109589041,0
B,SPECTRE,5,400,0.7949082068699601,0.8907692307692308,0.8794456501353054,0.009230769230769232,0
B,SPECTRE,5,450,0.8721290898856772,0.9335450695704779,0.9298818177322851,0.010526315789473684,0
B,SPECTRE,5,500,0.7933839330241852,0.8884615384615385,0.875494879672299,0.011538461538461539,0
B,SPECTRE,5,550,0.9160738921471031,0.9572617946345977,0.9559840167886561,0.01285846438482886,0
B,SPECTRE,5,600,0.9115674002767348,0.9543554006968641,0.9525746723441484,0.009523809523809523,0
B,SPECTRE,5,650,0.9642914669112759,0.9820512820512821,0.9818847818847818,0.010256410256410256,0
B,SPECTRE,5,700,0.962485802173427,0.9807057057057058,0.9808106416275431,0.01096096096096096,0
B,SPECTRE,5,750,0.9711466321786786,0.9851158645276292,0.9851371635610766,0.011764705882352941,0
B,SPECTRE,5,800,0.980947554407145,0.9904233870967742,0.990373783922171,0.012701612903225806,0
B,SPECTRE,5,850,0.9861985395798989,0.9929802955665025,0.9931013975617009,0.013793103448275862,0
B,SPECTRE,5,900,0.9863218048917212,0.993103448275862,0.9932203389830508,0.013793103448275862,0
B,SPECTRE,5,950,0.9849001794597505,0.9923076923076923,0.9924528301886791,0.015384615384615385,0
B,SPECTRE,5,1000,0.9849001794597505,0.9923076923076923,0.9924528301886791,0.015384615384615385,0
B,SPECTRE,8,50,0.6263651099608286,0.7861538461538462,0.7315822902089923,0.01,0
B,SPECTRE,8,100,0.6366780842115654,0.7926923076923077,0.7418659451487997,0.01,0
B,SPECTRE,8,150,0.6922752971666494,0.8269277845777234,0.7920941496664753,0.009322725418196653,0
B,SPECTRE,8,200,0.671168799891508,0.8146153846153845,0.7754248944536213,0.01076923076923077,0
B,SPECTRE,8,250,0.7158391016724741,0.8432692307692307,0.8171328703533781,0.011538461538461539,0
B,SPECTRE,8,300,0.7647139923012961,0.8717510259917921,0.8546517359264788,0.011627906976744186,0
B,SPECTRE,8,350,0.8150156025999568,0.9011225266362253,0.8913194133867524,0.00821917808219178,0
B,SPECTRE,8,400,0.7976150638589902,0.8923076923076924,0.8814447809479955,0.009230769230769232,0
B,SPECTRE,8,450,0.8721290898856772,0.9335450695704779,0.9298818177322851,0.010405323653962493,0
B,SPECTRE,8,500,0.8000415353259094,0.8923076923076924,0.8803418946773149,0.011538461538461539,0
B,SPECTRE,8,550,0.9160738921471031,0.9572617946345977,0.9559840167886561,0.012765957446808512,0
B,SPECTRE,8,600,0.9063712349781043,0.9519163763066201,0.9501566184493013,0.009523809523809523,0
B,SPECTRE,8,650,0.9642914669112759,0.9820512820512821,0.9818847818847818,0.010256410256410256,0
B,SPECTRE,8,700,0.962485802173427,0.9807057057057058,0.9808106416275431,0.01096096096096096,0
B,SPECTRE,8,750,0.9711466321786786,0.9851158645276292,0.9851371635610766,0.011764705882352941,0
B,SPECTRE,8,800,0.974697554407145,0.9872983870967742,0.9873015873015873,0.012701612903225806,0
B,SPECTRE,8,850,0.9863134479198958,0.9929802955665025,0.9932203389830508,0.013793103448275862,0
B,SPECTRE,8,900,0.9863218048917212,0.993103448275862,0.9931013975617009,0.013793103448275862,0
B,SPECTRE,8,950,0.9849001794597505,0.9923076923076923,0.9924528301886791,0.015384615384615385,0
B,SPECTRE,8,1000,0.9849001794597505,0.9923076923076923,0.9924528301886791,0.015384615384615385,0
B,SPECTRE,10,50,0.6257608057114259,0.7857692307692308,0.7309579525020451,0.009615384615384616,0
B,SPECTRE,10,100,0.6352519851432334,0.7915384615384615,0.7397816936432323,0.01,0
B,SPECTRE,10,150,0.688759939762973,0.8251835985312118,0.7899519129202227,0.009302325581395349,0
B,SPECTRE,10,200,0.6677862924563713,0.813076923076923,0.773609022270049,0.01076923076923077,0
B,SPECTRE,10,250,0.7190614372895376,0.8442307692307691,0.817641902571393,0.009615384615384616,0
B,SPECTRE,10,300,0.7627724018934365,0.8705745554035568,0.8530705629167343,0.011627906976744186,0
B,SPECTRE,10,350,0.8150156025999568,0.9011225266362253,0.8913194133867524,0.010958904109589041,0
B,SPECTRE,10,400,0.7949082068699601,0.8907692307692308,0.8794456501353054,0.009230769230769232,0
B,SPECTRE,10,450,0.8721290898856772,0.9335450695704779,0.9298818177322851,0.010526315789473684,0
B,SPECTRE,10,500,0.8000415353259094,0.8923076923076924,0.8803418946773149,0.011538461538461539,0
B,SPECTRE,10,550,0.9206963346654653,0.9594357076780758,0.9582811453779195,0.00851063829787234,0
B,SPECTRE,10,600,0.9063712349781043,0.9519163763066201,0.9501566184493013,0.009523809523809523,0
B,SPECTRE,10,650,0.9642914669112759,0.9820512820512821,0.9818847818847818,0.010256410256410256,0
B,SPECTRE,10,700,0.962485802173427,0.9807057057057058,0.9808106416275431,0.01096096096096096,0
B,SPECTRE,10,750,0.9711466321786786,0.9851158645276292,0.9851371635610766,0.011942959001782532,0
B,SPECTRE,10,800,0.9743951612903226,0.9871975806451612,0.9870967741935484,0.012701612903225806,0
B,SPECTRE,10,850,0.9861985395798989,0.9929802955665025,0.9931013975617009,0.013793103448275862,0
B,SPECTRE,10,900,0.9863218048917212,0.993103448275862,0.9932203389830508,0.013793103448275862,0
B,SPECTRE,10,950,0.9849001794597505,0.9923076923076923,0.9924528301886791,0.015384615384615385,0
B,SPECTRE,10,1000,0.9849001794597505,0.9923076923076923,0.9924528301886791,0.015384615384615385,0
B,SPECTRE,15,50,0.6754493797530245,0.8169230769230769,0.7786492971428057,0.009615384615384616,0
B,SPECTRE,15,100,0.6876652803220603,0.8242307692307692,0.7890369244902233,0.009230769230769232,0
B,SPECTRE,15,150,0.6896561634794038,0.8257683938528493,0.7909762110562,0.009309125526995785,0
B,SPECTRE,15,200,0.709989309054478,0.8384615384615385,0.8093244994945523,0.009230769230769232,0
B,SPECTRE,15,250,0.7001232359906095,0.8336538461538462,0.803662814552944,0.009615384615384616,0
B,SPECTRE,15,300,0.7492034278349248,0.8624487004103967,0.8425487117030741,0.009302325581395349,0
B,SPECTRE,15,350,0.8058448222616063,0.8956430745814308,0.8840664506442322,0.010958904109589041,0
B,SPECTRE,15,400,0.7772641459419976,0.8800000000000001,0.8654922538730634,0.009230769230769232,0
B,SPECTRE,15,450,0.8531228225082333,0.9231094978826377,0.9179522997477212,0.010526315789473684,0
B,SPECTRE,15,500,0.779768334186894,0.8807692307692309,0.8660465364628177,0.011538461538461539,0
B,SPECTRE,15,550,0.9085763902901007,0.9530064754856614,0.9510425782988305,0.00851063829787234,0
B,SPECTRE,15,600,0.8943079308499362,0.944889663182346,0.9417278866872362,0.009523809523809523,0
B,SPECTRE,15,650,0.9642914669112759,0.9820512820512821,0.9818847818847818,0.010256410256410256,0
B,SPECTRE,15,700,0.9520599951067371,0.9752252252252251,0.9749318908620808,0.01096096096096096,0
B,SPECTRE,15,750,0.9652591090565281,0.9820855614973262,0.9818922924901186,0.011764705882352941,0
B,SPECTRE,15,800,0.974697554407145,0.9872983870967742,0.9873015873015873,0.012701612903225806,0
B,SPECTRE,15,850,0.9863218048917212,0.993103448275862,0.9931013975617009,0.013793103448275862,0
B,SPECTRE,15,900,0.9863218048917212,0.993103448275862,0.9931013975617009,0.013793103448275862,0
B,SPECTRE,15,950,0.9849001794597505,0.9923076923076923,0.9924528301886791,0.015384615384615385,0
B,SPECTRE,15,1000,0.9849001794597505,0.9923076923076923,0.9924528301886791,0.015384615384615385,0
B,SPECTRE,20,50,0.7452039690043769,0.8598076923076924,0.838825860318984,0.01,0
B,SPECTRE,20,100,0.7739776504376374,0.8773076923076923,0.8617802725655667,0.009230769230769232,0
B,SPECTRE,20,150,0.8293802141784246,0.909094927240582,0.9009274562269198,0.009322725418196653,0
B,SPECTRE,20,200,0.8414943115490953,0.9161538461538463,0.9094702511382853,0.01076923076923077,0
B,SPECTRE,20,250,0.8594069291908963,0.9259615384615385,0.9207399982570414,0.009615384615384616,0
B,SPECTRE,20,300,0.9276076573826503,0.962749658002736,0.9612867847251435,0.009302325581395349,0
B,SPECTRE,20,350,0.9514035068038297,0.975285388127854,0.9749461077993022,0.010958904109589041,0
B,SPECTRE,20,400,0.9338473657367962,0.9661538461538463,0.9655467664037524,0.009230769230769232,0
B,SPECTRE,20,450,0.955174155013139,0.9772534785238959,0.9769229329367844,0.010526315789473684,0
B,SPECTRE,20,500,0.9279954037871189,0.9634615384615385,0.9629777751486873,0.011538461538461539,0
B,SPECTRE,20,550,0.9537668999642716,0.9765957446808511,0.9760142615682588,0.00851063829787234,0
B,SPECTRE,20,600,0.9475942392029951,0.9736353077816492,0.9731965414892244,0.009523809523809523,0
B,SPECTRE,20,650,0.9744230663833587,0.9871794871794872,0.9871461871461872,0.010256410256410256,0
B,SPECTRE,20,700,0.9520599951067371,0.9752252252252251,0.9749318908620808,0.01096096096096096,0
B,SPECTRE,20,750,0.9650166886265807,0.982174688057041,0.9821557971014492,0.011764705882352941,0
B,SPECTRE,20,800,0.980947554407145,0.9904233870967742,0.990373783922171,0.0125,0
B,SPECTRE,20,850,0.9861985395798989,0.9929802955665025,0.9931013975617009,0.013793103448275862,0
B,SPECTRE,20,900,0.9866513050514765,0.993103448275862,0.9933333333333334,0.013793103448275862,0
B,SPECTRE,20,950,0.9849001794597505,0.9923076923076923,0.9924528301886791,0.015384615384615385,0
B,SPECTRE,20,1000,0.9849001794597505,0.9923076923076923,0.9924528301886791,0.015384615384615385,0
B,SPECTRE,30,50,0.886046548508399,0.9409615384615385,0.9379704852366594,0.009615384615384616,0
B,SPECTRE,30,100,0.9151790778285769,0.9565384615384616,0.9550147056401208,0.009230769230769232,0
B,SPECTRE,30,150,0.9391746169604325,0.9690976472188222,0.9683888673684093,0.010478716170270639,0
B,SPECTRE,30,200,0.9394977183251669,0.9692307692307693,0.9685238870381587,0.01076923076923077,0
B,SPECTRE,30,250,0.9432883524677701,0.9711538461538461,0.9704686721452107,0.009615384615384616,0
B,SPECTRE,30,300,0.9379542750749337,0.968563611491108,0.9678559142955427,0.0093296853625171,0
B,SPECTRE,30,350,0.9514271689862126,0.9752663622526636,0.9750448116804249,0.010958904109589041,0
B,SPECTRE,30,400,0.9545802449055619,0.976923076923077,0.9765911718421562,0.009230769230769232,0
B,SPECTRE,30,450,0.9552524504467403,0.977223230490018,0.9770999861317404,0.010465819721718088,0
B,SPECTRE,30,500,0.9886402169986445,0.9942307692307694,0.9943216531895777,0.011538461538461539,0
B,SPECTRE,30,550,0.9790223278922146,0.9892691951896392,0.989516129032258,0.00851063829787234,0
B,SPECTRE,30,600,0.9717556085989759,0.9857142857142858,0.9856515113203808,0.009639953542392566,0
B,SPECTRE,30,650,0.9849294683025251,0.9923076923076923,0.9924683544303796,0.010256410256410256,0
B,SPECTRE,30,700,0.9891851829487681,0.9945195195195196,0.994593607305936,0.01096096096096096,1
B,SPECTRE,30,750,0.9830669645608227,0.9911764705882353,0.9915492957746478,0.011942959001782532,0
B,SPECTRE,30,800,0.9817477869590607,0.9903225806451612,0.991044776119403,0.012903225806451613,0
B,SPECTRE,30,850,0.9862068965517242,0.993103448275862,0.9931013975617009,0.013793103448275862,0
B,SPECTRE,30,900,0.9866513050514765,0.993103448275862,0.9933333333333334,0.013793103448275862,0
B,SPECTRE,30,950,0.9849001794597505,0.9923076923076923,0.9924528301886791,0.015384615384615385,0
B,SPECTRE,30,1000,0.9849001794597505,0.9923076923076923,0.9924528301886791,0.015384615384615385,0
