setup,feature,domain,graph_centrality,edge_stability,conditional_dependence,cias_alignment,telemetry_cost,hardware_cost_penalty,droop_anchor_score,importance_score,graph_method
A,CPU Voltage,SENSOR,0.0,0.0,0.0,0.0349982622791146,1.2,1.0,1.0,0.0070965834546280184,stable_rank_precision
A,Core0 (Socket 0).10_L2MPI,MEMORY,0.4143083106312681,0.3333333333333333,0.4143083106312681,0.2974022543887151,1.08,0.9000000000000001,0.0,0.4175739646464238,stable_rank_precision
A,Core0 (Socket 0).11_C0res%,CORE,0.4160309615189152,0.2222222222222222,0.4160309615189152,0.14502515498646806,1.0,0.8333333333333334,0.35,0.38126071220550617,stable_rank_precision
A,Core0 (Socket 0).12_C1res%,CORE,0.5912546781799003,0.4444444444444444,0.5912546781799003,0.1061910520264095,1.0,0.8333333333333334,0.35,0.5566504652825088,stable_rank_precision
A,Core0 (Socket 0).14_C6res%,CORE,0.865205720583321,0.7638888888888888,0.8734110708394186,0.20624044648567527,1.0,0.8333333333333334,0.35,0.8634633288607779,stable_rank_precision
A,Core0 (Socket 0).15_C7res%,CORE,0.5537864744751869,0.5555555555555556,0.5537864744751869,0.12593026503549226,1.0,0.8333333333333334,0.35,0.5701769512109883,stable_rank_precision
A,Core0 (Socket 0).16_TEMP,SENSOR,0.4860902898385996,0.4444444444444444,0.4860902898385996,0.10885532218305305,1.2,1.0,0.25,0.40577423463679485,stable_rank_precision
A,Core0 (Socket 0).17_INST,CORE,0.6051613727183571,0.7777777777777778,0.6051613727183571,0.14356786132613789,1.0,0.8333333333333334,0.0,0.6764354400409053,stable_rank_precision
A,Core0 (Socket 0).18_ACYC,CORE,0.5274821073685775,0.5416666666666666,0.5356874576246751,0.5114741678763267,1.0,0.8333333333333334,0.0,0.6441597410527921,stable_rank_precision
A,Core0 (Socket 0).19_TIME(ticks),CORE,0.46627105869455615,0.4444444444444444,0.46627105869455615,0.48945166344773283,1.0,0.8333333333333334,0.0,0.5662752869277086,stable_rank_precision
A,Core0 (Socket 0).1_IPC,CORE,0.3725754014718083,0.2222222222222222,0.3725754014718083,0.38551666386310335,1.0,0.8333333333333334,0.0,0.4107001123497685,stable_rank_precision
A,Core0 (Socket 0).20_PhysIPC,CORE,0.37257540147180923,0.2222222222222222,0.37257540147180923,0.38551666386310335,1.0,0.8333333333333334,0.0,0.41070011234976916,stable_rank_precision
A,Core0 (Socket 0).21_PhysIPC%,CORE,0.36922526039731307,0.2222222222222222,0.36922526039731307,0.40443360583327326,1.0,0.8333333333333334,0.0,0.41306133686835667,stable_rank_precision
A,Core0 (Socket 0).22_INSTnom,CORE,0.39960414118059256,0.3333333333333333,0.39960414118059256,0.24913994581278537,1.0,0.8333333333333334,0.0,0.429397384344207,stable_rank_precision
A,Core0 (Socket 0).23_INSTnom%,CORE,0.3966692826437857,0.3333333333333333,0.3966692826437857,0.2953210308805302,1.0,0.8333333333333334,0.0,0.43867049797195923,stable_rank_precision
A,Core0 (Socket 0).2_FREQ,CORE,0.4186049937003103,0.3333333333333333,0.4186049937003103,0.11039434705945488,1.0,0.8333333333333334,0.35,0.40835154180454414,stable_rank_precision
A,Core0 (Socket 0).3_AFREQ,CORE,0.10255073210727121,0.1111111111111111,0.10255073210727121,0.010273628944138948,1.0,0.8333333333333334,0.35,0.10491551017187835,stable_rank_precision
A,Core0 (Socket 0).4_CFREQ,CORE,0.10255073210727121,0.1111111111111111,0.10255073210727121,0.025030343280274238,1.0,0.8333333333333334,0.35,0.108506165752455,stable_rank_precision
A,Core0 (Socket 0).5_L3MISS,MEMORY,0.5604480017539274,0.4444444444444444,0.5604480017539274,0.37413974073980644,1.08,0.9000000000000001,0.0,0.5566988079726444,stable_rank_precision
A,Core0 (Socket 0).6_L2MISS,MEMORY,0.5403630074062428,0.4444444444444444,0.5403630074062428,0.4695358158818675,1.08,0.9000000000000001,0.0,0.5657473652390299,stable_rank_precision
A,Core0 (Socket 0).7_L3HIT,MEMORY,0.4424980750486885,0.4444444444444444,0.4424980750486885,0.42241410064609314,1.08,0.9000000000000001,0.0,0.49449631977826125,stable_rank_precision
A,Core0 (Socket 0).8_L2HIT,MEMORY,0.26423424079601643,0.3333333333333333,0.26423424079601643,0.25765536323472427,1.08,0.9000000000000001,0.0,0.31563705204666664,stable_rank_precision
A,Core0 (Socket 0).9_L3MPI,MEMORY,0.4143227608638462,0.3333333333333333,0.4143227608638462,0.37088260719439403,1.08,0.9000000000000001,0.0,0.4341380080210476,stable_rank_precision
A,Core0 (Socket 0)_EXEC,CORE,0.3996041411805969,0.3333333333333333,0.3996041411805969,0.24913994581278537,1.0,0.8333333333333334,0.0,0.42939738434420993,stable_rank_precision
A,Core1 (Socket 0).10_L2MPI,MEMORY,0.5226658411437484,0.3333333333333333,0.5226658411437484,0.3976593622303713,1.08,0.9000000000000001,0.0,0.5072973286327084,stable_rank_precision
A,Core1 (Socket 0).11_C0res%,CORE,0.6835606653239779,0.5555555555555556,0.6835606653239779,0.20213209575751787,1.0,0.8333333333333334,0.35,0.6755557066318943,stable_rank_precision
A,Core1 (Socket 0).12_C1res%,CORE,0.6372052278730005,0.6111111111111112,0.6695907278400415,0.22458977465315275,1.0,0.8333333333333334,0.35,0.6747795460658158,stable_rank_precision
A,Core1 (Socket 0).14_C6res%,CORE,0.9204703773579613,0.8888888888888888,0.9854747366578968,0.1604009567165966,1.0,0.8333333333333334,0.35,0.9411291103558083,stable_rank_precision
A,Core1 (Socket 0).15_C7res%,CORE,0.6357623539401895,0.6666666666666666,0.6357623539401895,0.2013102305157504,1.0,0.8333333333333334,0.35,0.6771669139949716,stable_rank_precision
A,Core1 (Socket 0).16_TEMP,SENSOR,0.2736445422820955,0.3333333333333333,0.2736445422820955,0.05809235921562563,1.2,1.0,0.25,0.2488553757148128,stable_rank_precision
A,Core1 (Socket 0).17_INST,CORE,0.6056600834124586,0.6666666666666666,0.6056600834124586,0.32597835682915793,1.0,0.8333333333333334,0.0,0.6873589773825719,stable_rank_precision
A,Core1 (Socket 0).18_ACYC,CORE,0.5029601063527354,0.4444444444444444,0.5029601063527354,0.48251405814173703,1.0,0.8333333333333334,0.0,0.5891373013868312,stable_rank_precision
A,Core1 (Socket 0).19_TIME(ticks),CORE,0.46627105869455604,0.4444444444444444,0.46627105869455604,0.48945166344773283,1.0,0.8333333333333334,0.0,0.5662752869277086,stable_rank_precision
A,Core1 (Socket 0).1_IPC,CORE,0.35554082148777205,0.2222222222222222,0.35554082148777205,0.11256453415754017,1.0,0.8333333333333334,0.0,0.33288592802470623,stable_rank_precision
A,Core1 (Socket 0).20_PhysIPC,CORE,0.35554082148777233,0.2222222222222222,0.35554082148777233,0.11256453415754017,1.0,0.8333333333333334,0.0,0.3328859280247064,stable_rank_precision
A,Core1 (Socket 0).21_PhysIPC%,CORE,0.3440046023111989,0.2222222222222222,0.3440046023111989,0.11656176409932413,1.0,0.8333333333333334,0.0,0.32613920625528336,stable_rank_precision
A,Core1 (Socket 0).22_INSTnom,CORE,0.3675258643212734,0.3333333333333333,0.3675258643212734,0.16355705204526252,1.0,0.8333333333333334,0.0,0.38710820659102224,stable_rank_precision
A,Core1 (Socket 0).23_INSTnom%,CORE,0.36650231944947553,0.3333333333333333,0.36650231944947553,0.16954049772774554,1.0,0.8333333333333334,0.0,0.387879225147763,stable_rank_precision
A,Core1 (Socket 0).2_FREQ,CORE,0.4183123776849072,0.3888888888888889,0.4509312370178015,0.3071731995526149,1.0,0.8333333333333334,0.35,0.48087106428048293,stable_rank_precision
A,Core1 (Socket 0).3_AFREQ,CORE,0.14697414997566466,0.1111111111111111,0.14697414997566466,0.03628098754583995,1.0,0.8333333333333334,0.35,0.14096918287254126,stable_rank_precision
A,Core1 (Socket 0).4_CFREQ,CORE,0.14697414997566466,0.1111111111111111,0.14697414997566466,0.045682861197012835,1.0,0.8333333333333334,0.35,0.14325687980320514,stable_rank_precision
A,Core1 (Socket 0).5_L3MISS,MEMORY,0.522613443307831,0.5416666666666666,0.5307778451519445,0.22742477620259607,1.08,0.9000000000000001,0.0,0.5294222825140521,stable_rank_precision
A,Core1 (Socket 0).6_L2MISS,MEMORY,0.4884789524832203,0.5416666666666666,0.4966433543273338,0.26363524209998757,1.08,0.9000000000000001,0.0,0.51643164929935,stable_rank_precision
A,Core1 (Socket 0).7_L3HIT,MEMORY,0.528891023910502,0.4444444444444444,0.528891023910502,0.051063007189956565,1.08,0.9000000000000001,0.0,0.4643578899673282,stable_rank_precision
A,Core1 (Socket 0).8_L2HIT,MEMORY,0.24583738028363272,0.3333333333333333,0.24583738028363272,0.03283229789822186,1.08,0.9000000000000001,0.0,0.2535863046281564,stable_rank_precision
A,Core1 (Socket 0).9_L3MPI,MEMORY,0.4356741998078998,0.3333333333333333,0.4356741998078998,0.3215970745250585,1.08,0.9000000000000001,0.0,0.43626279104647664,stable_rank_precision
A,Core1 (Socket 0)_EXEC,CORE,0.3675258643212717,0.3333333333333333,0.3675258643212717,0.16355705204526252,1.0,0.8333333333333334,0.0,0.3871082065910211,stable_rank_precision
A,Core2 (Socket 0).10_L2MPI,MEMORY,0.5117450148554836,0.3333333333333333,0.5117450148554836,0.33919724424401093,1.08,0.9000000000000001,0.0,0.48735958236298565,stable_rank_precision
A,Core2 (Socket 0).11_C0res%,CORE,0.6722302427965302,0.5555555555555556,0.6722302427965302,0.19001588700110297,1.0,0.8333333333333334,0.35,0.665025913043497,stable_rank_precision
A,Core2 (Socket 0).12_C1res%,CORE,0.5472779164822978,0.4444444444444444,0.5472779164822978,0.2173951130854753,1.0,0.8333333333333334,0.35,0.5542824326707932,stable_rank_precision
A,Core2 (Socket 0).14_C6res%,CORE,1.0,1.0,1.0,0.1097548915469761,1.0,0.8333333333333334,0.35,1.0,stable_rank_precision
A,Core2 (Socket 0).15_C7res%,CORE,0.6614261511109212,0.6666666666666666,0.6614261511109212,0.16359352405435942,1.0,0.8333333333333334,0.35,0.6851622170301248,stable_rank_precision
A,Core2 (Socket 0).16_TEMP,SENSOR,0.2661343150083791,0.3333333333333333,0.2661343150083791,0.05703514956123077,1.2,1.0,0.25,0.24445317995739485,stable_rank_precision
A,Core2 (Socket 0).17_INST,CORE,0.6177197832221644,0.6666666666666666,0.6177197832221644,0.3678450836211249,1.0,0.8333333333333334,0.0,0.7056157599033454,stable_rank_precision
A,Core2 (Socket 0).18_ACYC,CORE,0.5096292070408858,0.4444444444444444,0.5096292070408858,0.4883383350869807,1.0,0.8333333333333334,0.0,0.5950170446988616,stable_rank_precision
A,Core2 (Socket 0).19_TIME(ticks),CORE,0.46627105869455826,0.4444444444444444,0.46627105869455826,0.48945166344773283,1.0,0.8333333333333334,0.0,0.56627528692771,stable_rank_precision
A,Core2 (Socket 0).1_IPC,CORE,0.34876696884153474,0.2222222222222222,0.34876696884153474,0.08501439877978599,1.0,0.8333333333333334,0.0,0.32164967881434897,stable_rank_precision
A,Core2 (Socket 0).20_PhysIPC,CORE,0.3487669688415355,0.2222222222222222,0.3487669688415355,0.08501439877978599,1.0,0.8333333333333334,0.0,0.32164967881434947,stable_rank_precision
A,Core2 (Socket 0).21_PhysIPC%,CORE,0.3374894352671894,0.2222222222222222,0.3374894352671894,0.0786889701973938,1.0,0.8333333333333334,0.0,0.31256430830024834,stable_rank_precision
A,Core2 (Socket 0).22_INSTnom,CORE,0.3613963174302889,0.3333333333333333,0.3613963174302889,0.1509307732405143,1.0,0.8333333333333334,0.0,0.37993441313302406,stable_rank_precision
A,Core2 (Socket 0).23_INSTnom%,CORE,0.3613027466073105,0.3333333333333333,0.3613027466073105,0.14272141184289844,1.0,0.8333333333333334,0.0,0.37787427052495254,stable_rank_precision
A,Core2 (Socket 0).2_FREQ,CORE,0.473123060511456,0.4444444444444444,0.473123060511456,0.2846537261572112,1.0,0.8333333333333334,0.35,0.5210280794418017,stable_rank_precision
A,Core2 (Socket 0).3_AFREQ,CORE,0.13764991045911365,0.1111111111111111,0.13764991045911365,0.04626634239589256,1.0,0.8333333333333334,0.35,0.1371596360178943,stable_rank_precision
A,Core2 (Socket 0).4_CFREQ,CORE,0.13764991045911365,0.1111111111111111,0.13764991045911365,0.052071118755190014,1.0,0.8333333333333334,0.35,0.13857207459695334,stable_rank_precision
A,Core2 (Socket 0).5_L3MISS,MEMORY,0.5409617173185542,0.5555555555555556,0.5409617173185542,0.16989628712292174,1.08,0.9000000000000001,0.0,0.5299012634348566,stable_rank_precision
A,Core2 (Socket 0).6_L2MISS,MEMORY,0.5095194691929497,0.5555555555555556,0.5095194691929497,0.27538011498001086,1.08,0.9000000000000001,0.0,0.5341859304025991,stable_rank_precision
A,Core2 (Socket 0).7_L3HIT,MEMORY,0.5332893688592529,0.4444444444444444,0.5332893688592529,0.11353644004726993,1.08,0.9000000000000001,0.0,0.48115822537395564,stable_rank_precision
A,Core2 (Socket 0).8_L2HIT,MEMORY,0.25217010055206623,0.3333333333333333,0.25217010055206623,0.09840832528913902,1.08,0.9000000000000001,0.0,0.2722841413783541,stable_rank_precision
A,Core2 (Socket 0).9_L3MPI,MEMORY,0.4331358358716591,0.3333333333333333,0.4331358358716591,0.3609849521946503,1.08,0.9000000000000001,0.0,0.44356415845252095,stable_rank_precision
A,Core2 (Socket 0)_EXEC,CORE,0.36139631743028916,0.3333333333333333,0.36139631743028916,0.1509307732405143,1.0,0.8333333333333334,0.0,0.3799344131330243,stable_rank_precision
A,Core3 (Socket 0).10_L2MPI,MEMORY,0.5193180352612018,0.3333333333333333,0.5193180352612018,0.399338373993153,1.08,0.9000000000000001,0.0,0.5056013965437438,stable_rank_precision
A,Core3 (Socket 0).11_C0res%,CORE,0.5821417536154492,0.4444444444444444,0.5821417536154492,0.05325144009366162,1.0,0.8333333333333334,0.35,0.5376711936365475,stable_rank_precision
A,Core3 (Socket 0).12_C1res%,CORE,0.6083400258909059,0.5416666666666666,0.6165470130869641,0.08778076073529445,1.0,0.8333333333333334,0.35,0.5951708111585122,stable_rank_precision
A,Core3 (Socket 0).14_C6res%,CORE,0.9309436635702154,0.8888888888888888,0.9309436635702154,0.07673817136880255,1.0,0.8333333333333334,0.35,0.9119629895707044,stable_rank_precision
A,Core3 (Socket 0).15_C7res%,CORE,0.6936922104132225,0.7638888888888888,0.7018991976092809,0.17390910990898217,1.0,0.8333333333333334,0.35,0.7408302604894441,stable_rank_precision
A,Core3 (Socket 0).16_TEMP,SENSOR,0.316461746475745,0.3333333333333333,0.316461746475745,0.21505696666826551,1.2,1.0,0.25,0.30455860016383624,stable_rank_precision
A,Core3 (Socket 0).17_INST,CORE,0.5626072065482521,0.6666666666666666,0.5626072065482521,0.3477295923862202,1.0,0.8333333333333334,0.0,0.6638431769589785,stable_rank_precision
A,Core3 (Socket 0).18_ACYC,CORE,0.5590995605096735,0.5555555555555556,0.5590995605096735,0.383467934224854,1.0,0.8333333333333334,0.0,0.6363971183416268,stable_rank_precision
A,Core3 (Socket 0).19_TIME(ticks),CORE,0.4662710586945553,0.4444444444444444,0.4662710586945553,0.48945166344773283,1.0,0.8333333333333334,0.0,0.566275286927708,stable_rank_precision
A,Core3 (Socket 0).1_IPC,CORE,0.3495176684895004,0.2222222222222222,0.3495176684895004,0.09045805884762516,1.0,0.8333333333333334,0.0,0.32347657221745363,stable_rank_precision
A,Core3 (Socket 0).20_PhysIPC,CORE,0.34951766848950033,0.2222222222222222,0.34951766848950033,0.09045805884762516,1.0,0.8333333333333334,0.0,0.32347657221745363,stable_rank_precision
A,Core3 (Socket 0).21_PhysIPC%,CORE,0.3445047620165673,0.2222222222222222,0.3445047620165673,0.08718671966191922,1.0,0.8333333333333334,0.0,0.3193262439286901,stable_rank_precision
A,Core3 (Socket 0).22_INSTnom,CORE,0.35386977817762977,0.3333333333333333,0.35386977817762977,0.14019179237195567,1.0,0.8333333333333334,0.0,0.3722850606429203,stable_rank_precision
A,Core3 (Socket 0).23_INSTnom%,CORE,0.35386057233039475,0.3333333333333333,0.35386057233039475,0.1359201915596105,1.0,0.8333333333333334,0.0,0.3712395197273101,stable_rank_precision
A,Core3 (Socket 0).2_FREQ,CORE,0.4788719541557796,0.4444444444444444,0.4788719541557796,0.1292752718706208,1.0,0.8333333333333334,0.35,0.48706766076774183,stable_rank_precision
A,Core3 (Socket 0).3_AFREQ,CORE,0.13577512193083183,0.1111111111111111,0.13577512193083183,0.027619674083214207,1.0,0.8333333333333334,0.35,0.1313679678056585,stable_rank_precision
A,Core3 (Socket 0).4_CFREQ,CORE,0.13577512193083183,0.1111111111111111,0.13577512193083183,0.04654740624859532,1.0,0.8333333333333334,0.35,0.1359735300994858,stable_rank_precision
A,Core3 (Socket 0).5_L3MISS,MEMORY,0.508760586779414,0.5555555555555556,0.508760586779414,0.14588207555777644,1.08,0.9000000000000001,0.0,0.5045398968186661,stable_rank_precision
A,Core3 (Socket 0).6_L2MISS,MEMORY,0.5223669252757247,0.5555555555555556,0.5223669252757247,0.3279130626198902,1.08,0.9000000000000001,0.0,0.5539815265323842,stable_rank_precision
A,Core3 (Socket 0).7_L3HIT,MEMORY,0.5865791568287505,0.5555555555555556,0.5865791568287505,0.19742105739458715,1.08,0.9000000000000001,0.0,0.5643659503587298,stable_rank_precision
A,Core3 (Socket 0).8_L2HIT,MEMORY,0.2806773606758644,0.3333333333333333,0.2806773606758644,0.19418007610502533,1.08,0.9000000000000001,0.0,0.31152382407919416,stable_rank_precision
A,Core3 (Socket 0).9_L3MPI,MEMORY,0.43754625416220233,0.3333333333333333,0.43754625416220233,0.40013962471111963,1.08,0.9000000000000001,0.0,0.4551182679835135,stable_rank_precision
A,Core3 (Socket 0)_EXEC,CORE,0.3538697781776288,0.3333333333333333,0.3538697781776288,0.14019179237195567,1.0,0.8333333333333334,0.0,0.37228506064291966,stable_rank_precision
A,Power Plane 0 Energy (Joules)_SKT0,SENSOR,0.09044412685552698,0.1111111111111111,0.09044412685552698,0.502381276022797,1.2,1.0,0.45,0.18046321845838403,stable_rank_precision
A,Proc Energy (Joules)_SKT0,SENSOR,0.47310677637471543,0.1111111111111111,0.47310677637471543,0.40244883817792765,1.2,1.0,0.45,0.37357892192198816,stable_rank_precision
A,SKT0 Core C-State.1_C1res%,CORE,0.39583444169157916,0.2222222222222222,0.39583444169157916,0.27254895209026536,1.0,0.8333333333333334,0.35,0.3987759581211884,stable_rank_precision
A,SKT0 Core C-State.3_C6res%,CORE,0.8153320349986469,0.5555555555555556,0.8153320349986469,0.2507002475066818,1.0,0.8333333333333334,0.35,0.7755469297580548,stable_rank_precision
A,SKT0 Core C-State.4_C7res%,CORE,0.7968625707618092,0.5555555555555556,0.7968625707618092,0.26734815118327215,1.0,0.8333333333333334,0.35,0.7672391051126145,stable_rank_precision
A,SKT0 Core C-State_C0res%,CORE,0.5179852962885131,0.4444444444444444,0.5179852962885131,0.38080055299325083,1.0,0.8333333333333334,0.35,0.5744419644582672,stable_rank_precision
A,Socket 0.10_L2MPI,MEMORY,0.2828479643708899,0.1111111111111111,0.2828479643708899,0.5278402099198323,1.08,0.9000000000000001,0.0,0.32545894281916404,stable_rank_precision
A,Socket 0.11_READ,CORE,0.39069293379271586,0.1111111111111111,0.39069293379271586,0.4746847537535833,1.0,0.8333333333333334,0.0,0.41072503229920343,stable_rank_precision
A,Socket 0.12_WRITE,CORE,0.4640843502434304,0.1111111111111111,0.4640843502434304,0.07784973347991538,1.0,0.8333333333333334,0.0,0.3632748484852488,stable_rank_precision
A,Socket 0.1_IPC,CORE,0.34766826442563975,0.3333333333333333,0.34766826442563975,0.18884448139057755,1.0,0.8333333333333334,0.0,0.37997372506075255,stable_rank_precision
A,Socket 0.2_FREQ,CORE,0.23288027555735363,0.1111111111111111,0.23288027555735363,0.48664487221555686,1.0,0.8333333333333334,0.35,0.3080365015176472,stable_rank_precision
A,Socket 0.4_CFREQ,CORE,0.4998342058990647,0.1111111111111111,0.4998342058990647,0.03597823280589841,1.0,0.8333333333333334,0.35,0.3770081741624237,stable_rank_precision
A,Socket 0.5_L3MISS,MEMORY,0.4241585938727571,0.1111111111111111,0.4241585938727571,1.0,1.08,0.9000000000000001,0.0,0.5193886890875279,stable_rank_precision
A,Socket 0.6_L2MISS,MEMORY,0.3146395181116294,0.1111111111111111,0.3146395181116294,0.8082032674137187,1.08,0.9000000000000001,0.0,0.4083218259194292,stable_rank_precision
A,Socket 0.7_L3HIT,MEMORY,0.5287970483877859,0.3333333333333333,0.5287970483877859,0.20424337467251094,1.08,0.9000000000000001,0.0,0.46751952888914833,stable_rank_precision
A,Socket 0.8_L2HIT,MEMORY,0.6866009259900283,0.5555555555555556,0.6866009259900283,0.16735092497352924,1.08,0.9000000000000001,0.0,0.6195620268026695,stable_rank_precision
A,Socket 0.9_L3MPI,MEMORY,0.36802996625650086,0.1111111111111111,0.36802996625650086,0.6028353665248196,1.08,0.9000000000000001,0.0,0.3951318511283225,stable_rank_precision
A,Socket 0_EXEC,CORE,0.32520040209775086,0.3333333333333333,0.32520040209775086,0.21928219405867397,1.0,0.8333333333333334,0.0,0.3723457984420442,stable_rank_precision
A,System Core C-States.1_C1res%,CORE,0.39583444169157894,0.2222222222222222,0.39583444169157894,0.27254895209026536,1.0,0.8333333333333334,0.35,0.3987759581211882,stable_rank_precision
A,System Core C-States.3_C6res%,CORE,0.8153320349986467,0.5555555555555556,0.8153320349986467,0.2507002475066818,1.0,0.8333333333333334,0.35,0.7755469297580548,stable_rank_precision
A,System Core C-States.4_C7res%,CORE,0.7968625707618089,0.5555555555555556,0.7968625707618089,0.26734815118327215,1.0,0.8333333333333334,0.35,0.7672391051126143,stable_rank_precision
A,System Core C-States_C0res%,CORE,0.5179852962885125,0.4444444444444444,0.5179852962885125,0.38080055299325083,1.0,0.8333333333333334,0.35,0.5744419644582667,stable_rank_precision
A,System.10_L2HIT,MEMORY,0.6866009259900304,0.5555555555555556,0.6866009259900304,0.16735092497352924,1.08,0.9000000000000001,0.0,0.6195620268026706,stable_rank_precision
A,System.11_L3MPI,MEMORY,0.36802996625650086,0.1111111111111111,0.36802996625650086,0.6028353665248196,1.08,0.9000000000000001,0.0,0.3951318511283225,stable_rank_precision
A,System.12_L2MPI,MEMORY,0.2828479643708899,0.1111111111111111,0.2828479643708899,0.5278402099198323,1.08,0.9000000000000001,0.0,0.32545894281916404,stable_rank_precision
A,System.13_READ,CORE,0.39069293379271586,0.1111111111111111,0.39069293379271586,0.4746847537535833,1.0,0.8333333333333334,0.0,0.41072503229920343,stable_rank_precision
A,System.14_WRITE,CORE,0.4640843502434304,0.1111111111111111,0.4640843502434304,0.07784973347991538,1.0,0.8333333333333334,0.0,0.3632748484852488,stable_rank_precision
A,System.15_INST,CORE,0.39872078990379206,0.4444444444444444,0.39872078990379206,0.33882358555999914,1.0,0.8333333333333334,0.0,0.48442336973570493,stable_rank_precision
A,System.16_ACYC,CORE,0.4814257503378545,0.4444444444444444,0.4814257503378545,0.7279126026719642,1.0,0.8333333333333334,0.0,0.6344390457493094,stable_rank_precision
A,System.17_TIME(ticks),CORE,0.46627105869455643,0.4444444444444444,0.46627105869455643,0.48945166344773283,1.0,0.8333333333333334,0.0,0.5662752869277088,stable_rank_precision
A,System.18_PhysIPC,CORE,0.34766826442564047,0.3333333333333333,0.34766826442564047,0.18884448139057755,1.0,0.8333333333333334,0.0,0.37997372506075305,stable_rank_precision
A,System.19_PhysIPC%,CORE,0.3166702457162045,0.3333333333333333,0.3166702457162045,0.1883214750215364,1.0,0.8333333333333334,0.0,0.3591044615442357,stable_rank_precision
A,System.20_INSTnom,CORE,0.3252004020977522,0.3333333333333333,0.3252004020977522,0.21928219405867397,1.0,0.8333333333333334,0.0,0.3723457984420451,stable_rank_precision
A,System.21_INSTnom%,CORE,0.3195153793592289,0.3333333333333333,0.3195153793592289,0.21941299972348105,1.0,0.8333333333333334,0.0,0.3685735523409409,stable_rank_precision
A,System.22_Proc Energy (Joules),SENSOR,0.47310677637471543,0.1111111111111111,0.47310677637471543,0.40244883817792765,1.2,1.0,0.45,0.37357892192198816,stable_rank_precision
A,System.2_EXEC,CORE,0.32520040209775236,0.3333333333333333,0.32520040209775236,0.21928219405867397,1.0,0.8333333333333334,0.0,0.37234579844204524,stable_rank_precision
A,System.3_IPC,CORE,0.3476682644256395,0.3333333333333333,0.3476682644256395,0.18884448139057755,1.0,0.8333333333333334,0.0,0.3799737250607524,stable_rank_precision
A,System.4_FREQ,CORE,0.23288027555735363,0.1111111111111111,0.23288027555735363,0.48664487221555686,1.0,0.8333333333333334,0.35,0.3080365015176472,stable_rank_precision
A,System.6_CFREQ,CORE,0.4998342058990647,0.1111111111111111,0.4998342058990647,0.03597823280589841,1.0,0.8333333333333334,0.35,0.3770081741624237,stable_rank_precision
A,System.7_L3MISS,MEMORY,0.4241585938727571,0.1111111111111111,0.4241585938727571,1.0,1.08,0.9000000000000001,0.0,0.5193886890875279,stable_rank_precision
A,System.8_L2MISS,MEMORY,0.3146395181116294,0.1111111111111111,0.3146395181116294,0.8082032674137187,1.08,0.9000000000000001,0.0,0.4083218259194292,stable_rank_precision
A,System.9_L3HIT,MEMORY,0.5287970483877887,0.3333333333333333,0.5287970483877887,0.20424337467251094,1.08,0.9000000000000001,0.0,0.4675195288891501,stable_rank_precision
A,TEMP_CORE_0,SENSOR,0.22126186794042238,0.1111111111111111,0.22126186794042238,0.09791546825256074,1.2,1.0,0.25,0.17139596648374905,stable_rank_precision
B,CPU Voltage,SENSOR,0.0,0.0,0.0,0.34393493688652094,1.2,1.0,1.0,0.0634085530410666,stable_rank_precision
B,Core0 (Socket 0).10_L2MPI,MEMORY,0.38015852323849847,0.42857142857142855,0.38015852323849847,0.19583809252354642,1.08,0.9000000000000001,0.0,0.36401024947388333,stable_rank_precision
B,Core0 (Socket 0).11_C0res%,CORE,0.7668400221130183,0.2857142857142857,0.7668400221130183,0.4471775031541283,1.0,0.8333333333333334,0.35,0.6444848662174868,stable_rank_precision
B,Core0 (Socket 0).12_C1res%,CORE,0.736900786492451,0.2857142857142857,0.736900786492451,0.5289883061896349,1.0,0.8333333333333334,0.35,0.6443693608240757,stable_rank_precision
B,Core0 (Socket 0).14_C6res%,CORE,0.7999541583171504,0.14285714285714285,0.7999541583171504,0.4649136695382222,1.0,0.8333333333333334,0.35,0.6290490302198547,stable_rank_precision
B,Core0 (Socket 0).15_C7res%,CORE,0.8146100798781927,0.14285714285714285,0.8146100798781927,0.43364133040551656,1.0,0.8333333333333334,0.35,0.6310470972077321,stable_rank_precision
B,Core0 (Socket 0).16_TEMP,SENSOR,0.7483490657428248,0.2857142857142857,0.7483490657428248,0.37788832239479675,1.2,1.0,0.25,0.5149215911759695,stable_rank_precision
B,Core0 (Socket 0).17_INST,CORE,0.7000686023642965,0.7142857142857143,0.7000686023642965,0.6173170753097306,1.0,0.8333333333333334,0.0,0.7600206865600718,stable_rank_precision
B,Core0 (Socket 0).18_ACYC,CORE,0.8876419798192438,1.0,0.8876419798192438,0.8290758311931115,1.0,0.8333333333333334,0.0,1.0,stable_rank_precision
B,Core0 (Socket 0).19_TIME(ticks),CORE,0.8042778650409621,0.5714285714285714,0.8042778650409621,0.9094421650954724,1.0,0.8333333333333334,0.0,0.848543043559053,stable_rank_precision
B,Core0 (Socket 0).1_IPC,CORE,0.6206871770311329,0.2857142857142857,0.6206871770311329,0.20834153834342148,1.0,0.8333333333333334,0.0,0.5027274879470172,stable_rank_precision
B,Core0 (Socket 0).20_PhysIPC,CORE,0.6275504376193344,0.2857142857142857,0.6275504376193344,0.2088605288232349,1.0,0.8333333333333334,0.0,0.5070178785419241,stable_rank_precision
B,Core0 (Socket 0).21_PhysIPC%,CORE,0.6258320816090612,0.2857142857142857,0.6258320816090612,0.20902966187765584,1.0,0.8333333333333334,0.0,0.5060098577529791,stable_rank_precision
B,Core0 (Socket 0).22_INSTnom,CORE,0.5646392725207046,0.2857142857142857,0.5646392725207046,0.21872055899325676,1.0,0.8333333333333334,0.0,0.47092443177273513,stable_rank_precision
B,Core0 (Socket 0).23_INSTnom%,CORE,0.5739952434932727,0.2857142857142857,0.5739952434932727,0.21740341013447592,1.0,0.8333333333333334,0.0,0.4763251570738018,stable_rank_precision
B,Core0 (Socket 0).2_FREQ,CORE,0.5575624417311215,0.42857142857142855,0.5575624417311215,0.35556834862847564,1.0,0.8333333333333334,0.35,0.5364005284893265,stable_rank_precision
B,Core0 (Socket 0).3_AFREQ,CORE,0.8153658810582398,0.2857142857142857,0.8153658810582398,0.6372074946195093,1.0,0.8333333333333334,0.35,0.7160489307097309,stable_rank_precision
B,Core0 (Socket 0).4_CFREQ,CORE,0.6173267680447189,0.2857142857142857,0.6173267680447189,0.6448290363233287,1.0,0.8333333333333334,0.35,0.5972491131107653,stable_rank_precision
B,Core0 (Socket 0).5_L3MISS,MEMORY,0.8758945692189026,0.8571428571428571,0.8758945692189026,0.4431847431188594,1.08,0.9000000000000001,0.0,0.8036799727414378,stable_rank_precision
B,Core0 (Socket 0).6_L2MISS,MEMORY,0.8660497611882554,0.7142857142857143,0.8660497611882554,0.4721235411214551,1.08,0.9000000000000001,0.0,0.7674823563096392,stable_rank_precision
B,Core0 (Socket 0).7_L3HIT,MEMORY,0.38756540943176876,0.14285714285714285,0.38756540943176876,0.40363988221007707,1.08,0.9000000000000001,0.0,0.3375907300441868,stable_rank_precision
B,Core0 (Socket 0).8_L2HIT,MEMORY,0.6233822117128054,0.5714285714285714,0.6233822117128054,0.10324324233784037,1.08,0.9000000000000001,0.0,0.5186371092989142,stable_rank_precision
B,Core0 (Socket 0).9_L3MPI,MEMORY,0.7527053090439442,0.42857142857142855,0.7527053090439442,0.3869916207868508,1.08,0.9000000000000001,0.0,0.6130336518544857,stable_rank_precision
B,Core0 (Socket 0)_EXEC,CORE,0.562016934636253,0.2857142857142857,0.562016934636253,0.22131717608481313,1.0,0.8333333333333334,0.0,0.4699034762633855,stable_rank_precision
B,Core1 (Socket 0).10_L2MPI,MEMORY,0.792715304665108,0.5714285714285714,0.792715304665108,0.5573586667413699,1.08,0.9000000000000001,0.0,0.7070513293440138,stable_rank_precision
B,Core1 (Socket 0).11_C0res%,CORE,0.6810745502332647,0.2857142857142857,0.6810745502332647,0.47717458410862124,1.0,0.8333333333333334,0.35,0.5989419879526822,stable_rank_precision
B,Core1 (Socket 0).12_C1res%,CORE,0.6765906021171165,0.2857142857142857,0.6765906021171165,0.5293533749010921,1.0,0.8333333333333334,0.35,0.6077577244152003,stable_rank_precision
B,Core1 (Socket 0).14_C6res%,CORE,0.7999541583171504,0.14285714285714285,0.7999541583171504,0.464892196071906,1.0,0.8333333333333334,0.35,0.6290442795489044,stable_rank_precision
B,Core1 (Socket 0).15_C7res%,CORE,0.8146100798781927,0.14285714285714285,0.8146100798781927,0.43367772827141615,1.0,0.8333333333333334,0.35,0.6310551496703218,stable_rank_precision
B,Core1 (Socket 0).16_TEMP,SENSOR,0.7473759073050215,0.2857142857142857,0.7473759073050215,0.37790908837530557,1.2,1.0,0.25,0.5144320325289042,stable_rank_precision
B,Core1 (Socket 0).17_INST,CORE,0.8142832212277114,0.7142857142857143,0.8142832212277114,0.6786725110511814,1.0,0.8333333333333334,0.0,0.8430822034003548,stable_rank_precision
B,Core1 (Socket 0).18_ACYC,CORE,0.8412174861519806,0.7142857142857143,0.8412174861519806,0.6465070797546298,1.0,0.8333333333333334,0.0,0.8523527677959235,stable_rank_precision
B,Core1 (Socket 0).19_TIME(ticks),CORE,0.804277865040958,0.5714285714285714,0.804277865040958,0.9094421650954724,1.0,0.8333333333333334,0.0,0.8485430435590505,stable_rank_precision
B,Core1 (Socket 0).1_IPC,CORE,0.6387479951148247,0.2857142857142857,0.6387479951148247,0.29539150034719747,1.0,0.8333333333333334,0.0,0.5329740478935031,stable_rank_precision
B,Core1 (Socket 0).20_PhysIPC,CORE,0.6469321047370336,0.2857142857142857,0.6469321047370336,0.2950250455793482,1.0,0.8333333333333334,0.0,0.5378721451536776,stable_rank_precision
B,Core1 (Socket 0).21_PhysIPC%,CORE,0.6496553260496839,0.2857142857142857,0.6496553260496839,0.29511400970355145,1.0,0.8333333333333334,0.0,0.5395486207537915,stable_rank_precision
B,Core1 (Socket 0).22_INSTnom,CORE,0.527031703363383,0.2857142857142857,0.527031703363383,0.4603949870147931,1.0,0.8333333333333334,0.0,0.501510896604159,stable_rank_precision
B,Core1 (Socket 0).23_INSTnom%,CORE,0.5353401764684278,0.2857142857142857,0.5353401764684278,0.445848592072717,1.0,0.8333333333333334,0.0,0.5033475644036425,stable_rank_precision
B,Core1 (Socket 0).2_FREQ,CORE,0.4948207432559012,0.5178571428571429,0.5351360270222748,0.46944770623373655,1.0,0.8333333333333334,0.35,0.5570333227701368,stable_rank_precision
B,Core1 (Socket 0).3_AFREQ,CORE,0.7187984240713109,0.2857142857142857,0.7187984240713109,0.6336265455132623,1.0,0.8333333333333334,0.35,0.6565055632411485,stable_rank_precision
B,Core1 (Socket 0).4_CFREQ,CORE,0.52075931105779,0.2857142857142857,0.52075931105779,0.5894349473117696,1.0,0.8333333333333334,0.35,0.5262428930701777,stable_rank_precision
B,Core1 (Socket 0).5_L3MISS,MEMORY,0.5171868738568307,0.42857142857142855,0.5171868738568307,0.6363242393220634,1.08,0.9000000000000001,0.0,0.5314343740857204,stable_rank_precision
B,Core1 (Socket 0).6_L2MISS,MEMORY,0.5809276345541927,0.42857142857142855,0.5809276345541927,0.5039523677211039,1.08,0.9000000000000001,0.0,0.5402254167183752,stable_rank_precision
B,Core1 (Socket 0).7_L3HIT,MEMORY,0.2820642855930664,0.14285714285714285,0.2820642855930664,0.4150527055100036,1.08,0.9000000000000001,0.0,0.2804968184031145,stable_rank_precision
B,Core1 (Socket 0).8_L2HIT,MEMORY,0.44278494208166436,0.2857142857142857,0.44278494208166436,0.0644182482634055,1.08,0.9000000000000001,0.0,0.33578879769463127,stable_rank_precision
B,Core1 (Socket 0).9_L3MPI,MEMORY,0.8582166103518837,0.5714285714285714,0.8582166103518837,0.33266800090858367,1.08,0.9000000000000001,0.0,0.6979229338717403,stable_rank_precision
B,Core1 (Socket 0)_EXEC,CORE,0.5258980885028531,0.2857142857142857,0.5258980885028531,0.46551497875303177,1.0,0.8333333333333334,0.0,0.5019539298859312,stable_rank_precision
B,Core2 (Socket 0).10_L2MPI,MEMORY,0.45183694377793654,0.2857142857142857,0.45183694377793654,0.4734339635062923,1.08,0.9000000000000001,0.0,0.42467358093077157,stable_rank_precision
B,Core2 (Socket 0).11_C0res%,CORE,0.7224378606676441,0.2857142857142857,0.7224378606676441,0.31003929208970443,1.0,0.8333333333333334,0.35,0.5871311228466113,stable_rank_precision
B,Core2 (Socket 0).12_C1res%,CORE,0.6880896627401188,0.2857142857142857,0.6880896627401188,0.20519680247404876,1.0,0.8333333333333334,0.35,0.5430390853720671,stable_rank_precision
B,Core2 (Socket 0).14_C6res%,CORE,0.762298221399616,0.14285714285714285,0.762298221399616,0.22714863110435704,1.0,0.8333333333333334,0.35,0.5535375318586792,stable_rank_precision
B,Core2 (Socket 0).15_C7res%,CORE,0.7537645109038826,0.14285714285714285,0.7537645109038826,0.10631769240748151,1.0,0.8333333333333334,0.35,0.5216136980777071,stable_rank_precision
B,Core2 (Socket 0).16_TEMP,SENSOR,0.655320222060736,0.14285714285714285,0.655320222060736,0.3168043937936946,1.2,1.0,0.25,0.4235730159892924,stable_rank_precision
B,Core2 (Socket 0).17_INST,CORE,0.6739512465517247,0.5714285714285714,0.6739512465517247,0.5832430712443593,1.0,0.8333333333333334,0.0,0.6970865235596647,stable_rank_precision
B,Core2 (Socket 0).18_ACYC,CORE,0.6785013870140303,0.5714285714285714,0.6785013870140303,0.6035868805799683,1.0,0.8333333333333334,0.0,0.7043555572147184,stable_rank_precision
B,Core2 (Socket 0).19_TIME(ticks),CORE,0.8042778650409614,0.5714285714285714,0.8042778650409614,0.9094421650954724,1.0,0.8333333333333334,0.0,0.8485430435590525,stable_rank_precision
B,Core2 (Socket 0).1_IPC,CORE,0.5808808017243672,0.2857142857142857,0.5808808017243672,0.4639283153508734,1.0,0.8333333333333334,0.0,0.535054101725706,stable_rank_precision
B,Core2 (Socket 0).20_PhysIPC,CORE,0.5886913920639746,0.2857142857142857,0.5886913920639746,0.4650296240016678,1.0,0.8333333333333334,0.0,0.5400496716616775,stable_rank_precision
B,Core2 (Socket 0).21_PhysIPC%,CORE,0.5828921726925063,0.2857142857142857,0.5828921726925063,0.46448163868706016,1.0,0.8333333333333334,0.0,0.5364002235465827,stable_rank_precision
B,Core2 (Socket 0).22_INSTnom,CORE,0.5593267051874101,0.2857142857142857,0.5593267051874101,0.379763526832799,1.0,0.8333333333333334,0.0,0.503320549183093,stable_rank_precision
B,Core2 (Socket 0).23_INSTnom%,CORE,0.5561585518492465,0.2857142857142857,0.5561585518492465,0.37784737872391,1.0,0.8333333333333334,0.0,0.500969143173664,stable_rank_precision
B,Core2 (Socket 0).2_FREQ,CORE,0.44562238762128087,0.42857142857142855,0.44562238762128087,0.08259800657805096,1.0,0.8333333333333334,0.35,0.40790633325583525,stable_rank_precision
B,Core2 (Socket 0).3_AFREQ,CORE,0.8471740311328635,0.2857142857142857,0.8471740311328635,0.6351124826833175,1.0,0.8333333333333334,0.35,0.7349373547617156,stable_rank_precision
B,Core2 (Socket 0).4_CFREQ,CORE,0.7851608975710076,0.42857142857142855,0.7851608975710076,0.638042319217658,1.0,0.8333333333333334,0.35,0.7373632234315859,stable_rank_precision
B,Core2 (Socket 0).5_L3MISS,MEMORY,0.7183820066051134,0.7142857142857143,0.7183820066051134,0.47029974497162447,1.08,0.9000000000000001,0.0,0.6839233010429915,stable_rank_precision
B,Core2 (Socket 0).6_L2MISS,MEMORY,0.7471223639489633,0.5714285714285714,0.7471223639489633,0.3633022025657123,1.08,0.9000000000000001,0.0,0.6416156933543429,stable_rank_precision
B,Core2 (Socket 0).7_L3HIT,MEMORY,0.44870795491889576,0.2857142857142857,0.44870795491889576,0.2490235780915015,1.08,0.9000000000000001,0.0,0.37694119822301553,stable_rank_precision
B,Core2 (Socket 0).8_L2HIT,MEMORY,0.5978365704031552,0.42857142857142855,0.5978365704031552,0.36362924678456354,1.08,0.9000000000000001,0.0,0.5210059696637183,stable_rank_precision
B,Core2 (Socket 0).9_L3MPI,MEMORY,0.9023433415212222,0.5714285714285714,0.9023433415212222,0.4029619188822368,1.08,0.9000000000000001,0.0,0.7371802590910282,stable_rank_precision
B,Core2 (Socket 0)_EXEC,CORE,0.5583125828738762,0.2857142857142857,0.5583125828738762,0.38035518240458044,1.0,0.8333333333333334,0.0,0.5028344570543232,stable_rank_precision
B,Core3 (Socket 0).10_L2MPI,MEMORY,0.7488837278227733,0.5714285714285714,0.7488837278227733,0.6463897647302141,1.08,0.9000000000000001,0.0,0.7005974818100503,stable_rank_precision
B,Core3 (Socket 0).11_C0res%,CORE,0.686686728294231,0.2857142857142857,0.686686728294231,0.5303068555368119,1.0,0.8333333333333334,0.35,0.6141110978032992,stable_rank_precision
B,Core3 (Socket 0).12_C1res%,CORE,0.6936656342299597,0.2857142857142857,0.6936656342299597,0.33725972731015835,1.0,0.8333333333333334,0.35,0.5756483486463967,stable_rank_precision
B,Core3 (Socket 0).14_C6res%,CORE,0.762298221399616,0.14285714285714285,0.762298221399616,0.2274603200015435,1.0,0.8333333333333334,0.35,0.5536064881868097,stable_rank_precision
B,Core3 (Socket 0).15_C7res%,CORE,0.7537645109038826,0.14285714285714285,0.7537645109038826,0.10614880579926421,1.0,0.8333333333333334,0.35,0.5215763345383633,stable_rank_precision
B,Core3 (Socket 0).16_TEMP,SENSOR,0.655320222060736,0.14285714285714285,0.655320222060736,0.3137498097699534,1.2,1.0,0.25,0.4230098665900452,stable_rank_precision
B,Core3 (Socket 0).17_INST,CORE,0.6645076089376366,0.5714285714285714,0.6645076089376366,0.6717417912610373,1.0,0.8333333333333334,0.0,0.7109200310629634,stable_rank_precision
B,Core3 (Socket 0).18_ACYC,CORE,0.7638453794794157,0.7142857142857143,0.7638453794794157,0.6925489743158642,1.0,0.8333333333333334,0.0,0.815466035068907,stable_rank_precision
B,Core3 (Socket 0).19_TIME(ticks),CORE,0.8042778650409641,0.5714285714285714,0.8042778650409641,0.9094421650954724,1.0,0.8333333333333334,0.0,0.8485430435590542,stable_rank_precision
B,Core3 (Socket 0).1_IPC,CORE,0.6194402834603931,0.2857142857142857,0.6194402834603931,0.4399495365375976,1.0,0.8333333333333334,0.0,0.553208557234607,stable_rank_precision
B,Core3 (Socket 0).20_PhysIPC,CORE,0.6316300287912845,0.2857142857142857,0.6316300287912845,0.43858609328648623,1.0,0.8333333333333334,0.0,0.5603230941869362,stable_rank_precision
B,Core3 (Socket 0).21_PhysIPC%,CORE,0.6215699877603847,0.2857142857142857,0.6215699877603847,0.4389348083060811,1.0,0.8333333333333334,0.0,0.5542797653802246,stable_rank_precision
B,Core3 (Socket 0).22_INSTnom,CORE,0.47607823131854937,0.2857142857142857,0.47607823131854937,0.49789656133034954,1.0,0.8333333333333334,0.0,0.47880771041862474,stable_rank_precision
B,Core3 (Socket 0).23_INSTnom%,CORE,0.6110577078299918,0.42857142857142855,0.6110577078299918,0.4701130714966848,1.0,0.8333333333333334,0.0,0.5942880109937172,stable_rank_precision
B,Core3 (Socket 0).2_FREQ,CORE,0.4763034409018655,0.5178571428571429,0.5166187246682391,0.5124104351293085,1.0,0.8333333333333334,0.35,0.5552723289997621,stable_rank_precision
B,Core3 (Socket 0).3_AFREQ,CORE,0.806490866731318,0.42857142857142855,0.806490866731318,0.6574654912176736,1.0,0.8333333333333334,0.35,0.7546373407952547,stable_rank_precision
B,Core3 (Socket 0).4_CFREQ,CORE,0.5042044376956867,0.2857142857142857,0.5042044376956867,0.6038786720941244,1.0,0.8333333333333334,0.35,0.5193664441076192,stable_rank_precision
B,Core3 (Socket 0).5_L3MISS,MEMORY,0.5991600467260452,0.5714285714285714,0.5991600467260452,0.6390179664595139,1.08,0.9000000000000001,0.0,0.6147437744146776,stable_rank_precision
B,Core3 (Socket 0).6_L2MISS,MEMORY,0.47143648438637725,0.42857142857142855,0.47143648438637725,0.533942845248114,1.08,0.9000000000000001,0.0,0.48468938123472943,stable_rank_precision
B,Core3 (Socket 0).7_L3HIT,MEMORY,0.4481123703000906,0.2857142857142857,0.4481123703000906,0.4802737119807682,1.08,0.9000000000000001,0.0,0.423976522614818,stable_rank_precision
B,Core3 (Socket 0).8_L2HIT,MEMORY,0.5004332819676416,0.2857142857142857,0.5004332819676416,0.3837308333299406,1.08,0.9000000000000001,0.0,0.4336738907912735,stable_rank_precision
B,Core3 (Socket 0).9_L3MPI,MEMORY,1.0,0.7142857142857143,1.0,0.30977742264634256,1.08,0.9000000000000001,0.0,0.8096842733219074,stable_rank_precision
B,Core3 (Socket 0)_EXEC,CORE,0.46340867114770545,0.2857142857142857,0.46340867114770545,0.5000063381837468,1.0,0.8333333333333334,0.0,0.47156637133496143,stable_rank_precision
B,Power Plane 0 Energy (Joules)_SKT0,SENSOR,0.7413214368018881,0.2857142857142857,0.7413214368018881,0.6906573126638981,1.2,1.0,0.45,0.5690213487515396,stable_rank_precision
B,Proc Energy (Joules)_SKT0,SENSOR,0.8367336149793893,0.2857142857142857,0.8367336149793893,0.6939201463089558,1.2,1.0,0.45,0.6179964518763986,stable_rank_precision
B,SKT0 Core C-State.1_C1res%,CORE,0.7302681482860619,0.42857142857142855,0.7302681482860619,0.31247849779088094,1.0,0.8333333333333334,0.35,0.631940820896805,stable_rank_precision
B,SKT0 Core C-State.3_C6res%,CORE,0.7238640721864815,0.14285714285714285,0.7238640721864815,0.7360452309894827,1.0,0.8333333333333334,0.35,0.6427398653860963,stable_rank_precision
B,SKT0 Core C-State.4_C7res%,CORE,0.737198976971949,0.14285714285714285,0.737198976971949,0.45607310790603095,1.0,0.8333333333333334,0.35,0.5889132676287421,stable_rank_precision
B,SKT0 Core C-State_C0res%,CORE,0.6418789091381071,0.42857142857142855,0.6418789091381071,0.500084826206716,1.0,0.8333333333333334,0.35,0.6196702546940241,stable_rank_precision
B,Socket 0.10_L2MPI,MEMORY,0.5233066899120031,0.14285714285714285,0.5233066899120031,0.36370011547366765,1.08,0.9000000000000001,0.0,0.4058761330191817,stable_rank_precision
B,Socket 0.11_READ,CORE,0.568537135731594,0.14285714285714285,0.568537135731594,1.0,1.0,0.8333333333333334,0.0,0.6066356594560305,stable_rank_precision
B,Socket 0.12_WRITE,CORE,0.7345176160162622,0.14285714285714285,0.7345176160162622,0.7136075088094692,1.0,0.8333333333333334,0.0,0.6442574284027474,stable_rank_precision
B,Socket 0.1_IPC,CORE,0.6908171396547368,0.42857142857142855,0.6908171396547368,0.3916704582457477,1.0,0.8333333333333334,0.0,0.6254590240714155,stable_rank_precision
B,Socket 0.2_FREQ,CORE,0.42044737527157144,0.14285714285714285,0.42044737527157144,0.4974887547910649,1.0,0.8333333333333334,0.35,0.40536581090990637,stable_rank_precision
B,Socket 0.4_CFREQ,CORE,0.797699710518945,0.14285714285714285,0.797699710518945,0.199367924381062,1.0,0.8333333333333334,0.35,0.5689295635924069,stable_rank_precision
B,Socket 0.5_L3MISS,MEMORY,0.529652270887366,0.14285714285714285,0.529652270887366,0.7340857734340382,1.08,0.9000000000000001,0.0,0.4853230713062313,stable_rank_precision
B,Socket 0.6_L2MISS,MEMORY,0.5789045982500185,0.14285714285714285,0.5789045982500185,0.6736733184478677,1.08,0.9000000000000001,0.0,0.5006930176611903,stable_rank_precision
B,Socket 0.7_L3HIT,MEMORY,0.6718242664223913,0.14285714285714285,0.6718242664223913,0.24732400576726793,1.08,0.9000000000000001,0.0,0.46570105277726953,stable_rank_precision
B,Socket 0.8_L2HIT,MEMORY,0.7249654241513985,0.14285714285714285,0.7249654241513985,0.32389218066074665,1.08,0.9000000000000001,0.0,0.511321722530054,stable_rank_precision
B,Socket 0.9_L3MPI,MEMORY,0.4948468404787526,0.14285714285714285,0.4948468404787526,0.36092743491362017,1.08,0.9000000000000001,0.0,0.3892759138104798,stable_rank_precision
B,Socket 0_EXEC,CORE,0.6551023447739541,0.42857142857142855,0.6551023447739541,0.522306436515707,1.0,0.8333333333333334,0.0,0.6326315102825075,stable_rank_precision
B,System Core C-States.1_C1res%,CORE,0.7302681482860625,0.42857142857142855,0.7302681482860625,0.31247849779088094,1.0,0.8333333333333334,0.35,0.6319408208968056,stable_rank_precision
B,System Core C-States.3_C6res%,CORE,0.7238640721864815,0.14285714285714285,0.7238640721864815,0.7360452309894827,1.0,0.8333333333333334,0.35,0.6427398653860963,stable_rank_precision
B,System Core C-States.4_C7res%,CORE,0.737198976971949,0.14285714285714285,0.737198976971949,0.45607310790603095,1.0,0.8333333333333334,0.35,0.5889132676287421,stable_rank_precision
B,System Core C-States_C0res%,CORE,0.6418789091381062,0.42857142857142855,0.6418789091381062,0.500084826206716,1.0,0.8333333333333334,0.35,0.6196702546940236,stable_rank_precision
B,System.10_L2HIT,MEMORY,0.7249654241513985,0.14285714285714285,0.7249654241513985,0.32389218066074665,1.08,0.9000000000000001,0.0,0.511321722530054,stable_rank_precision
B,System.11_L3MPI,MEMORY,0.4948468404787526,0.14285714285714285,0.4948468404787526,0.36092743491362017,1.08,0.9000000000000001,0.0,0.3892759138104798,stable_rank_precision
B,System.12_L2MPI,MEMORY,0.5233066899120031,0.14285714285714285,0.5233066899120031,0.36370011547366765,1.08,0.9000000000000001,0.0,0.4058761330191817,stable_rank_precision
B,System.13_READ,CORE,0.568537135731594,0.14285714285714285,0.568537135731594,1.0,1.0,0.8333333333333334,0.0,0.6066356594560305,stable_rank_precision
B,System.14_WRITE,CORE,0.7345176160162622,0.14285714285714285,0.7345176160162622,0.7136075088094692,1.0,0.8333333333333334,0.0,0.6442574284027474,stable_rank_precision
B,System.15_INST,CORE,0.7874159504147733,0.7142857142857143,0.7874159504147733,0.6435349391471263,1.0,0.8333333333333334,0.0,0.8189626535970498,stable_rank_precision
B,System.16_ACYC,CORE,0.30090092306176924,0.2857142857142857,0.30090092306176924,0.7215213309049011,1.0,0.8333333333333334,0.0,0.4217042555571191,stable_rank_precision
B,System.17_TIME(ticks),CORE,0.8042778650409647,0.5714285714285714,0.8042778650409647,0.9094421650954724,1.0,0.8333333333333334,0.0,0.8485430435590545,stable_rank_precision
B,System.18_PhysIPC,CORE,0.6903265263425453,0.42857142857142855,0.6903265263425453,0.39116988926314833,1.0,0.8333333333333334,0.0,0.6250497943726545,stable_rank_precision
B,System.19_PhysIPC%,CORE,0.688873698043729,0.42857142857142855,0.688873698043729,0.39099751741262745,1.0,0.8333333333333334,0.0,0.6241277666041722,stable_rank_precision
B,System.20_INSTnom,CORE,0.6561883872564962,0.42857142857142855,0.6561883872564962,0.5223258962739479,1.0,0.8333333333333334,0.0,0.6332965580441302,stable_rank_precision
B,System.21_INSTnom%,CORE,0.6518536911605847,0.42857142857142855,0.6518536911605847,0.516964056192463,1.0,0.8333333333333334,0.0,0.6294731276549772,stable_rank_precision
B,System.22_Proc Energy (Joules),SENSOR,0.8367336149793919,0.2857142857142857,0.8367336149793919,0.6939201463089558,1.2,1.0,0.45,0.6179964518763998,stable_rank_precision
B,System.2_EXEC,CORE,0.6551023447739552,0.42857142857142855,0.6551023447739552,0.522306436515707,1.0,0.8333333333333334,0.0,0.6326315102825083,stable_rank_precision
B,System.3_IPC,CORE,0.6908171396547356,0.42857142857142855,0.6908171396547356,0.3916704582457477,1.0,0.8333333333333334,0.0,0.6254590240714147,stable_rank_precision
B,System.4_FREQ,CORE,0.42044737527157144,0.14285714285714285,0.42044737527157144,0.4974887547910649,1.0,0.8333333333333334,0.35,0.40536581090990637,stable_rank_precision
B,System.6_CFREQ,CORE,0.797699710518945,0.14285714285714285,0.797699710518945,0.199367924381062,1.0,0.8333333333333334,0.35,0.5689295635924069,stable_rank_precision
B,System.7_L3MISS,MEMORY,0.529652270887366,0.14285714285714285,0.529652270887366,0.7340857734340382,1.08,0.9000000000000001,0.0,0.4853230713062313,stable_rank_precision
B,System.8_L2MISS,MEMORY,0.5789045982500185,0.14285714285714285,0.5789045982500185,0.6736733184478677,1.08,0.9000000000000001,0.0,0.5006930176611903,stable_rank_precision
B,System.9_L3HIT,MEMORY,0.6718242664223913,0.14285714285714285,0.6718242664223913,0.24732400576726793,1.08,0.9000000000000001,0.0,0.46570105277726953,stable_rank_precision
B,TEMP_CORE_0,SENSOR,0.30635087882563616,0.2857142857142857,0.30635087882563616,0.048324390605975,1.2,1.0,0.25,0.2300713430333637,stable_rank_precision
